from_codon,to_codon,from_NOSC,to_NOSC,from_aa,to_aa,hamming_dist,dNOSC,abs_dNOSC
AAA,AAC,-0.67,1.0,K,N,1.0,1.67,1.67
AAA,AAG,-0.67,-0.67,K,K,1.0,0.0,0.0
AAA,AAT,-0.67,1.0,K,N,1.0,1.67,1.67
AAA,ACA,-0.67,0.0,K,T,1.0,0.67,0.67
AAA,ACC,-0.67,0.0,K,T,2.0,0.67,0.67
AAA,ACG,-0.67,0.0,K,T,2.0,0.67,0.67
AAA,ACT,-0.67,0.0,K,T,2.0,0.67,0.67
AAA,AGA,-0.67,0.33,K,R,1.0,1.0,1.0
AAA,AGC,-0.67,0.67,K,S,2.0,1.34,1.34
AAA,AGG,-0.67,0.33,K,R,2.0,1.0,1.0
AAA,AGT,-0.67,0.67,K,S,2.0,1.34,1.34
AAA,ATA,-0.67,-1.0,K,I,1.0,-0.32999999999999996,0.32999999999999996
AAA,ATC,-0.67,-1.0,K,I,2.0,-0.32999999999999996,0.32999999999999996
AAA,ATG,-0.67,-0.4,K,M,2.0,0.27,0.27
AAA,ATT,-0.67,-1.0,K,I,2.0,-0.32999999999999996,0.32999999999999996
AAA,CAA,-0.67,0.4,K,Q,1.0,1.07,1.07
AAA,CAC,-0.67,0.67,K,H,2.0,1.34,1.34
AAA,CAG,-0.67,0.4,K,Q,2.0,1.07,1.07
AAA,CAT,-0.67,0.67,K,H,2.0,1.34,1.34
AAA,CCA,-0.67,-0.4,K,P,2.0,0.27,0.27
AAA,CCC,-0.67,-0.4,K,P,3.0,0.27,0.27
AAA,CCG,-0.67,-0.4,K,P,3.0,0.27,0.27
AAA,CCT,-0.67,-0.4,K,P,3.0,0.27,0.27
AAA,CGA,-0.67,0.33,K,R,2.0,1.0,1.0
AAA,CGC,-0.67,0.33,K,R,3.0,1.0,1.0
AAA,CGG,-0.67,0.33,K,R,3.0,1.0,1.0
AAA,CGT,-0.67,0.33,K,R,3.0,1.0,1.0
AAA,CTA,-0.67,-1.0,K,L,2.0,-0.32999999999999996,0.32999999999999996
AAA,CTC,-0.67,-1.0,K,L,3.0,-0.32999999999999996,0.32999999999999996
AAA,CTG,-0.67,-1.0,K,L,3.0,-0.32999999999999996,0.32999999999999996
AAA,CTT,-0.67,-1.0,K,L,3.0,-0.32999999999999996,0.32999999999999996
AAA,GAA,-0.67,0.4,K,E,1.0,1.07,1.07
AAA,GAC,-0.67,1.0,K,D,2.0,1.67,1.67
AAA,GAG,-0.67,0.4,K,E,2.0,1.07,1.07
AAA,GAT,-0.67,1.0,K,D,2.0,1.67,1.67
AAA,GCA,-0.67,0.0,K,A,2.0,0.67,0.67
AAA,GCC,-0.67,0.0,K,A,3.0,0.67,0.67
AAA,GCG,-0.67,0.0,K,A,3.0,0.67,0.67
AAA,GCT,-0.67,0.0,K,A,3.0,0.67,0.67
AAA,GGA,-0.67,1.0,K,G,2.0,1.67,1.67
AAA,GGC,-0.67,1.0,K,G,3.0,1.67,1.67
AAA,GGG,-0.67,1.0,K,G,3.0,1.67,1.67
AAA,GGT,-0.67,1.0,K,G,3.0,1.67,1.67
AAA,GTA,-0.67,-0.8,K,V,2.0,-0.13,0.13
AAA,GTC,-0.67,-0.8,K,V,3.0,-0.13,0.13
AAA,GTG,-0.67,-0.8,K,V,3.0,-0.13,0.13
AAA,GTT,-0.67,-0.8,K,V,3.0,-0.13,0.13
AAA,TAC,-0.67,-0.22,K,Y,2.0,0.45000000000000007,0.45000000000000007
AAA,TAT,-0.67,-0.22,K,Y,2.0,0.45000000000000007,0.45000000000000007
AAA,TCA,-0.67,0.67,K,S,2.0,1.34,1.34
AAA,TCC,-0.67,0.67,K,S,3.0,1.34,1.34
AAA,TCG,-0.67,0.67,K,S,3.0,1.34,1.34
AAA,TCT,-0.67,0.67,K,S,3.0,1.34,1.34
AAA,TGC,-0.67,0.67,K,C,3.0,1.34,1.34
AAA,TGG,-0.67,-0.18,K,W,3.0,0.49000000000000005,0.49000000000000005
AAA,TGT,-0.67,0.67,K,C,3.0,1.34,1.34
AAA,TTA,-0.67,-1.0,K,L,2.0,-0.32999999999999996,0.32999999999999996
AAA,TTC,-0.67,-0.44,K,F,3.0,0.23000000000000004,0.23000000000000004
AAA,TTG,-0.67,-1.0,K,L,3.0,-0.32999999999999996,0.32999999999999996
AAA,TTT,-0.67,-0.44,K,F,3.0,0.23000000000000004,0.23000000000000004
AAC,AAG,1.0,-0.67,N,K,1.0,-1.67,1.67
AAC,AAT,1.0,1.0,N,N,1.0,0.0,0.0
AAC,ACA,1.0,0.0,N,T,2.0,-1.0,1.0
AAC,ACC,1.0,0.0,N,T,1.0,-1.0,1.0
AAC,ACG,1.0,0.0,N,T,2.0,-1.0,1.0
AAC,ACT,1.0,0.0,N,T,2.0,-1.0,1.0
AAC,AGA,1.0,0.33,N,R,2.0,-0.6699999999999999,0.6699999999999999
AAC,AGC,1.0,0.67,N,S,1.0,-0.32999999999999996,0.32999999999999996
AAC,AGG,1.0,0.33,N,R,2.0,-0.6699999999999999,0.6699999999999999
AAC,AGT,1.0,0.67,N,S,2.0,-0.32999999999999996,0.32999999999999996
AAC,ATA,1.0,-1.0,N,I,2.0,-2.0,2.0
AAC,ATC,1.0,-1.0,N,I,1.0,-2.0,2.0
AAC,ATG,1.0,-0.4,N,M,2.0,-1.4,1.4
AAC,ATT,1.0,-1.0,N,I,2.0,-2.0,2.0
AAC,CAA,1.0,0.4,N,Q,2.0,-0.6,0.6
AAC,CAC,1.0,0.67,N,H,1.0,-0.32999999999999996,0.32999999999999996
AAC,CAG,1.0,0.4,N,Q,2.0,-0.6,0.6
AAC,CAT,1.0,0.67,N,H,2.0,-0.32999999999999996,0.32999999999999996
AAC,CCA,1.0,-0.4,N,P,3.0,-1.4,1.4
AAC,CCC,1.0,-0.4,N,P,2.0,-1.4,1.4
AAC,CCG,1.0,-0.4,N,P,3.0,-1.4,1.4
AAC,CCT,1.0,-0.4,N,P,3.0,-1.4,1.4
AAC,CGA,1.0,0.33,N,R,3.0,-0.6699999999999999,0.6699999999999999
AAC,CGC,1.0,0.33,N,R,2.0,-0.6699999999999999,0.6699999999999999
AAC,CGG,1.0,0.33,N,R,3.0,-0.6699999999999999,0.6699999999999999
AAC,CGT,1.0,0.33,N,R,3.0,-0.6699999999999999,0.6699999999999999
AAC,CTA,1.0,-1.0,N,L,3.0,-2.0,2.0
AAC,CTC,1.0,-1.0,N,L,2.0,-2.0,2.0
AAC,CTG,1.0,-1.0,N,L,3.0,-2.0,2.0
AAC,CTT,1.0,-1.0,N,L,3.0,-2.0,2.0
AAC,GAA,1.0,0.4,N,E,2.0,-0.6,0.6
AAC,GAC,1.0,1.0,N,D,1.0,0.0,0.0
AAC,GAG,1.0,0.4,N,E,2.0,-0.6,0.6
AAC,GAT,1.0,1.0,N,D,2.0,0.0,0.0
AAC,GCA,1.0,0.0,N,A,3.0,-1.0,1.0
AAC,GCC,1.0,0.0,N,A,2.0,-1.0,1.0
AAC,GCG,1.0,0.0,N,A,3.0,-1.0,1.0
AAC,GCT,1.0,0.0,N,A,3.0,-1.0,1.0
AAC,GGA,1.0,1.0,N,G,3.0,0.0,0.0
AAC,GGC,1.0,1.0,N,G,2.0,0.0,0.0
AAC,GGG,1.0,1.0,N,G,3.0,0.0,0.0
AAC,GGT,1.0,1.0,N,G,3.0,0.0,0.0
AAC,GTA,1.0,-0.8,N,V,3.0,-1.8,1.8
AAC,GTC,1.0,-0.8,N,V,2.0,-1.8,1.8
AAC,GTG,1.0,-0.8,N,V,3.0,-1.8,1.8
AAC,GTT,1.0,-0.8,N,V,3.0,-1.8,1.8
AAC,TAC,1.0,-0.22,N,Y,1.0,-1.22,1.22
AAC,TAT,1.0,-0.22,N,Y,2.0,-1.22,1.22
AAC,TCA,1.0,0.67,N,S,3.0,-0.32999999999999996,0.32999999999999996
AAC,TCC,1.0,0.67,N,S,2.0,-0.32999999999999996,0.32999999999999996
AAC,TCG,1.0,0.67,N,S,3.0,-0.32999999999999996,0.32999999999999996
AAC,TCT,1.0,0.67,N,S,3.0,-0.32999999999999996,0.32999999999999996
AAC,TGC,1.0,0.67,N,C,2.0,-0.32999999999999996,0.32999999999999996
AAC,TGG,1.0,-0.18,N,W,3.0,-1.18,1.18
AAC,TGT,1.0,0.67,N,C,3.0,-0.32999999999999996,0.32999999999999996
AAC,TTA,1.0,-1.0,N,L,3.0,-2.0,2.0
AAC,TTC,1.0,-0.44,N,F,2.0,-1.44,1.44
AAC,TTG,1.0,-1.0,N,L,3.0,-2.0,2.0
AAC,TTT,1.0,-0.44,N,F,3.0,-1.44,1.44
AAG,AAT,-0.67,1.0,K,N,1.0,1.67,1.67
AAG,ACA,-0.67,0.0,K,T,2.0,0.67,0.67
AAG,ACC,-0.67,0.0,K,T,2.0,0.67,0.67
AAG,ACG,-0.67,0.0,K,T,1.0,0.67,0.67
AAG,ACT,-0.67,0.0,K,T,2.0,0.67,0.67
AAG,AGA,-0.67,0.33,K,R,2.0,1.0,1.0
AAG,AGC,-0.67,0.67,K,S,2.0,1.34,1.34
AAG,AGG,-0.67,0.33,K,R,1.0,1.0,1.0
AAG,AGT,-0.67,0.67,K,S,2.0,1.34,1.34
AAG,ATA,-0.67,-1.0,K,I,2.0,-0.32999999999999996,0.32999999999999996
AAG,ATC,-0.67,-1.0,K,I,2.0,-0.32999999999999996,0.32999999999999996
AAG,ATG,-0.67,-0.4,K,M,1.0,0.27,0.27
AAG,ATT,-0.67,-1.0,K,I,2.0,-0.32999999999999996,0.32999999999999996
AAG,CAA,-0.67,0.4,K,Q,2.0,1.07,1.07
AAG,CAC,-0.67,0.67,K,H,2.0,1.34,1.34
AAG,CAG,-0.67,0.4,K,Q,1.0,1.07,1.07
AAG,CAT,-0.67,0.67,K,H,2.0,1.34,1.34
AAG,CCA,-0.67,-0.4,K,P,3.0,0.27,0.27
AAG,CCC,-0.67,-0.4,K,P,3.0,0.27,0.27
AAG,CCG,-0.67,-0.4,K,P,2.0,0.27,0.27
AAG,CCT,-0.67,-0.4,K,P,3.0,0.27,0.27
AAG,CGA,-0.67,0.33,K,R,3.0,1.0,1.0
AAG,CGC,-0.67,0.33,K,R,3.0,1.0,1.0
AAG,CGG,-0.67,0.33,K,R,2.0,1.0,1.0
AAG,CGT,-0.67,0.33,K,R,3.0,1.0,1.0
AAG,CTA,-0.67,-1.0,K,L,3.0,-0.32999999999999996,0.32999999999999996
AAG,CTC,-0.67,-1.0,K,L,3.0,-0.32999999999999996,0.32999999999999996
AAG,CTG,-0.67,-1.0,K,L,2.0,-0.32999999999999996,0.32999999999999996
AAG,CTT,-0.67,-1.0,K,L,3.0,-0.32999999999999996,0.32999999999999996
AAG,GAA,-0.67,0.4,K,E,2.0,1.07,1.07
AAG,GAC,-0.67,1.0,K,D,2.0,1.67,1.67
AAG,GAG,-0.67,0.4,K,E,1.0,1.07,1.07
AAG,GAT,-0.67,1.0,K,D,2.0,1.67,1.67
AAG,GCA,-0.67,0.0,K,A,3.0,0.67,0.67
AAG,GCC,-0.67,0.0,K,A,3.0,0.67,0.67
AAG,GCG,-0.67,0.0,K,A,2.0,0.67,0.67
AAG,GCT,-0.67,0.0,K,A,3.0,0.67,0.67
AAG,GGA,-0.67,1.0,K,G,3.0,1.67,1.67
AAG,GGC,-0.67,1.0,K,G,3.0,1.67,1.67
AAG,GGG,-0.67,1.0,K,G,2.0,1.67,1.67
AAG,GGT,-0.67,1.0,K,G,3.0,1.67,1.67
AAG,GTA,-0.67,-0.8,K,V,3.0,-0.13,0.13
AAG,GTC,-0.67,-0.8,K,V,3.0,-0.13,0.13
AAG,GTG,-0.67,-0.8,K,V,2.0,-0.13,0.13
AAG,GTT,-0.67,-0.8,K,V,3.0,-0.13,0.13
AAG,TAC,-0.67,-0.22,K,Y,2.0,0.45000000000000007,0.45000000000000007
AAG,TAT,-0.67,-0.22,K,Y,2.0,0.45000000000000007,0.45000000000000007
AAG,TCA,-0.67,0.67,K,S,3.0,1.34,1.34
AAG,TCC,-0.67,0.67,K,S,3.0,1.34,1.34
AAG,TCG,-0.67,0.67,K,S,2.0,1.34,1.34
AAG,TCT,-0.67,0.67,K,S,3.0,1.34,1.34
AAG,TGC,-0.67,0.67,K,C,3.0,1.34,1.34
AAG,TGG,-0.67,-0.18,K,W,2.0,0.49000000000000005,0.49000000000000005
AAG,TGT,-0.67,0.67,K,C,3.0,1.34,1.34
AAG,TTA,-0.67,-1.0,K,L,3.0,-0.32999999999999996,0.32999999999999996
AAG,TTC,-0.67,-0.44,K,F,3.0,0.23000000000000004,0.23000000000000004
AAG,TTG,-0.67,-1.0,K,L,2.0,-0.32999999999999996,0.32999999999999996
AAG,TTT,-0.67,-0.44,K,F,3.0,0.23000000000000004,0.23000000000000004
AAT,ACA,1.0,0.0,N,T,2.0,-1.0,1.0
AAT,ACC,1.0,0.0,N,T,2.0,-1.0,1.0
AAT,ACG,1.0,0.0,N,T,2.0,-1.0,1.0
AAT,ACT,1.0,0.0,N,T,1.0,-1.0,1.0
AAT,AGA,1.0,0.33,N,R,2.0,-0.6699999999999999,0.6699999999999999
AAT,AGC,1.0,0.67,N,S,2.0,-0.32999999999999996,0.32999999999999996
AAT,AGG,1.0,0.33,N,R,2.0,-0.6699999999999999,0.6699999999999999
AAT,AGT,1.0,0.67,N,S,1.0,-0.32999999999999996,0.32999999999999996
AAT,ATA,1.0,-1.0,N,I,2.0,-2.0,2.0
AAT,ATC,1.0,-1.0,N,I,2.0,-2.0,2.0
AAT,ATG,1.0,-0.4,N,M,2.0,-1.4,1.4
AAT,ATT,1.0,-1.0,N,I,1.0,-2.0,2.0
AAT,CAA,1.0,0.4,N,Q,2.0,-0.6,0.6
AAT,CAC,1.0,0.67,N,H,2.0,-0.32999999999999996,0.32999999999999996
AAT,CAG,1.0,0.4,N,Q,2.0,-0.6,0.6
AAT,CAT,1.0,0.67,N,H,1.0,-0.32999999999999996,0.32999999999999996
AAT,CCA,1.0,-0.4,N,P,3.0,-1.4,1.4
AAT,CCC,1.0,-0.4,N,P,3.0,-1.4,1.4
AAT,CCG,1.0,-0.4,N,P,3.0,-1.4,1.4
AAT,CCT,1.0,-0.4,N,P,2.0,-1.4,1.4
AAT,CGA,1.0,0.33,N,R,3.0,-0.6699999999999999,0.6699999999999999
AAT,CGC,1.0,0.33,N,R,3.0,-0.6699999999999999,0.6699999999999999
AAT,CGG,1.0,0.33,N,R,3.0,-0.6699999999999999,0.6699999999999999
AAT,CGT,1.0,0.33,N,R,2.0,-0.6699999999999999,0.6699999999999999
AAT,CTA,1.0,-1.0,N,L,3.0,-2.0,2.0
AAT,CTC,1.0,-1.0,N,L,3.0,-2.0,2.0
AAT,CTG,1.0,-1.0,N,L,3.0,-2.0,2.0
AAT,CTT,1.0,-1.0,N,L,2.0,-2.0,2.0
AAT,GAA,1.0,0.4,N,E,2.0,-0.6,0.6
AAT,GAC,1.0,1.0,N,D,2.0,0.0,0.0
AAT,GAG,1.0,0.4,N,E,2.0,-0.6,0.6
AAT,GAT,1.0,1.0,N,D,1.0,0.0,0.0
AAT,GCA,1.0,0.0,N,A,3.0,-1.0,1.0
AAT,GCC,1.0,0.0,N,A,3.0,-1.0,1.0
AAT,GCG,1.0,0.0,N,A,3.0,-1.0,1.0
AAT,GCT,1.0,0.0,N,A,2.0,-1.0,1.0
AAT,GGA,1.0,1.0,N,G,3.0,0.0,0.0
AAT,GGC,1.0,1.0,N,G,3.0,0.0,0.0
AAT,GGG,1.0,1.0,N,G,3.0,0.0,0.0
AAT,GGT,1.0,1.0,N,G,2.0,0.0,0.0
AAT,GTA,1.0,-0.8,N,V,3.0,-1.8,1.8
AAT,GTC,1.0,-0.8,N,V,3.0,-1.8,1.8
AAT,GTG,1.0,-0.8,N,V,3.0,-1.8,1.8
AAT,GTT,1.0,-0.8,N,V,2.0,-1.8,1.8
AAT,TAC,1.0,-0.22,N,Y,2.0,-1.22,1.22
AAT,TAT,1.0,-0.22,N,Y,1.0,-1.22,1.22
AAT,TCA,1.0,0.67,N,S,3.0,-0.32999999999999996,0.32999999999999996
AAT,TCC,1.0,0.67,N,S,3.0,-0.32999999999999996,0.32999999999999996
AAT,TCG,1.0,0.67,N,S,3.0,-0.32999999999999996,0.32999999999999996
AAT,TCT,1.0,0.67,N,S,2.0,-0.32999999999999996,0.32999999999999996
AAT,TGC,1.0,0.67,N,C,3.0,-0.32999999999999996,0.32999999999999996
AAT,TGG,1.0,-0.18,N,W,3.0,-1.18,1.18
AAT,TGT,1.0,0.67,N,C,2.0,-0.32999999999999996,0.32999999999999996
AAT,TTA,1.0,-1.0,N,L,3.0,-2.0,2.0
AAT,TTC,1.0,-0.44,N,F,3.0,-1.44,1.44
AAT,TTG,1.0,-1.0,N,L,3.0,-2.0,2.0
AAT,TTT,1.0,-0.44,N,F,2.0,-1.44,1.44
ACA,ACC,0.0,0.0,T,T,1.0,0.0,0.0
ACA,ACG,0.0,0.0,T,T,1.0,0.0,0.0
ACA,ACT,0.0,0.0,T,T,1.0,0.0,0.0
ACA,AGA,0.0,0.33,T,R,1.0,0.33,0.33
ACA,AGC,0.0,0.67,T,S,2.0,0.67,0.67
ACA,AGG,0.0,0.33,T,R,2.0,0.33,0.33
ACA,AGT,0.0,0.67,T,S,2.0,0.67,0.67
ACA,ATA,0.0,-1.0,T,I,1.0,-1.0,1.0
ACA,ATC,0.0,-1.0,T,I,2.0,-1.0,1.0
ACA,ATG,0.0,-0.4,T,M,2.0,-0.4,0.4
ACA,ATT,0.0,-1.0,T,I,2.0,-1.0,1.0
ACA,CAA,0.0,0.4,T,Q,2.0,0.4,0.4
ACA,CAC,0.0,0.67,T,H,3.0,0.67,0.67
ACA,CAG,0.0,0.4,T,Q,3.0,0.4,0.4
ACA,CAT,0.0,0.67,T,H,3.0,0.67,0.67
ACA,CCA,0.0,-0.4,T,P,1.0,-0.4,0.4
ACA,CCC,0.0,-0.4,T,P,2.0,-0.4,0.4
ACA,CCG,0.0,-0.4,T,P,2.0,-0.4,0.4
ACA,CCT,0.0,-0.4,T,P,2.0,-0.4,0.4
ACA,CGA,0.0,0.33,T,R,2.0,0.33,0.33
ACA,CGC,0.0,0.33,T,R,3.0,0.33,0.33
ACA,CGG,0.0,0.33,T,R,3.0,0.33,0.33
ACA,CGT,0.0,0.33,T,R,3.0,0.33,0.33
ACA,CTA,0.0,-1.0,T,L,2.0,-1.0,1.0
ACA,CTC,0.0,-1.0,T,L,3.0,-1.0,1.0
ACA,CTG,0.0,-1.0,T,L,3.0,-1.0,1.0
ACA,CTT,0.0,-1.0,T,L,3.0,-1.0,1.0
ACA,GAA,0.0,0.4,T,E,2.0,0.4,0.4
ACA,GAC,0.0,1.0,T,D,3.0,1.0,1.0
ACA,GAG,0.0,0.4,T,E,3.0,0.4,0.4
ACA,GAT,0.0,1.0,T,D,3.0,1.0,1.0
ACA,GCA,0.0,0.0,T,A,1.0,0.0,0.0
ACA,GCC,0.0,0.0,T,A,2.0,0.0,0.0
ACA,GCG,0.0,0.0,T,A,2.0,0.0,0.0
ACA,GCT,0.0,0.0,T,A,2.0,0.0,0.0
ACA,GGA,0.0,1.0,T,G,2.0,1.0,1.0
ACA,GGC,0.0,1.0,T,G,3.0,1.0,1.0
ACA,GGG,0.0,1.0,T,G,3.0,1.0,1.0
ACA,GGT,0.0,1.0,T,G,3.0,1.0,1.0
ACA,GTA,0.0,-0.8,T,V,2.0,-0.8,0.8
ACA,GTC,0.0,-0.8,T,V,3.0,-0.8,0.8
ACA,GTG,0.0,-0.8,T,V,3.0,-0.8,0.8
ACA,GTT,0.0,-0.8,T,V,3.0,-0.8,0.8
ACA,TAC,0.0,-0.22,T,Y,3.0,-0.22,0.22
ACA,TAT,0.0,-0.22,T,Y,3.0,-0.22,0.22
ACA,TCA,0.0,0.67,T,S,1.0,0.67,0.67
ACA,TCC,0.0,0.67,T,S,2.0,0.67,0.67
ACA,TCG,0.0,0.67,T,S,2.0,0.67,0.67
ACA,TCT,0.0,0.67,T,S,2.0,0.67,0.67
ACA,TGC,0.0,0.67,T,C,3.0,0.67,0.67
ACA,TGG,0.0,-0.18,T,W,3.0,-0.18,0.18
ACA,TGT,0.0,0.67,T,C,3.0,0.67,0.67
ACA,TTA,0.0,-1.0,T,L,2.0,-1.0,1.0
ACA,TTC,0.0,-0.44,T,F,3.0,-0.44,0.44
ACA,TTG,0.0,-1.0,T,L,3.0,-1.0,1.0
ACA,TTT,0.0,-0.44,T,F,3.0,-0.44,0.44
ACC,ACG,0.0,0.0,T,T,1.0,0.0,0.0
ACC,ACT,0.0,0.0,T,T,1.0,0.0,0.0
ACC,AGA,0.0,0.33,T,R,2.0,0.33,0.33
ACC,AGC,0.0,0.67,T,S,1.0,0.67,0.67
ACC,AGG,0.0,0.33,T,R,2.0,0.33,0.33
ACC,AGT,0.0,0.67,T,S,2.0,0.67,0.67
ACC,ATA,0.0,-1.0,T,I,2.0,-1.0,1.0
ACC,ATC,0.0,-1.0,T,I,1.0,-1.0,1.0
ACC,ATG,0.0,-0.4,T,M,2.0,-0.4,0.4
ACC,ATT,0.0,-1.0,T,I,2.0,-1.0,1.0
ACC,CAA,0.0,0.4,T,Q,3.0,0.4,0.4
ACC,CAC,0.0,0.67,T,H,2.0,0.67,0.67
ACC,CAG,0.0,0.4,T,Q,3.0,0.4,0.4
ACC,CAT,0.0,0.67,T,H,3.0,0.67,0.67
ACC,CCA,0.0,-0.4,T,P,2.0,-0.4,0.4
ACC,CCC,0.0,-0.4,T,P,1.0,-0.4,0.4
ACC,CCG,0.0,-0.4,T,P,2.0,-0.4,0.4
ACC,CCT,0.0,-0.4,T,P,2.0,-0.4,0.4
ACC,CGA,0.0,0.33,T,R,3.0,0.33,0.33
ACC,CGC,0.0,0.33,T,R,2.0,0.33,0.33
ACC,CGG,0.0,0.33,T,R,3.0,0.33,0.33
ACC,CGT,0.0,0.33,T,R,3.0,0.33,0.33
ACC,CTA,0.0,-1.0,T,L,3.0,-1.0,1.0
ACC,CTC,0.0,-1.0,T,L,2.0,-1.0,1.0
ACC,CTG,0.0,-1.0,T,L,3.0,-1.0,1.0
ACC,CTT,0.0,-1.0,T,L,3.0,-1.0,1.0
ACC,GAA,0.0,0.4,T,E,3.0,0.4,0.4
ACC,GAC,0.0,1.0,T,D,2.0,1.0,1.0
ACC,GAG,0.0,0.4,T,E,3.0,0.4,0.4
ACC,GAT,0.0,1.0,T,D,3.0,1.0,1.0
ACC,GCA,0.0,0.0,T,A,2.0,0.0,0.0
ACC,GCC,0.0,0.0,T,A,1.0,0.0,0.0
ACC,GCG,0.0,0.0,T,A,2.0,0.0,0.0
ACC,GCT,0.0,0.0,T,A,2.0,0.0,0.0
ACC,GGA,0.0,1.0,T,G,3.0,1.0,1.0
ACC,GGC,0.0,1.0,T,G,2.0,1.0,1.0
ACC,GGG,0.0,1.0,T,G,3.0,1.0,1.0
ACC,GGT,0.0,1.0,T,G,3.0,1.0,1.0
ACC,GTA,0.0,-0.8,T,V,3.0,-0.8,0.8
ACC,GTC,0.0,-0.8,T,V,2.0,-0.8,0.8
ACC,GTG,0.0,-0.8,T,V,3.0,-0.8,0.8
ACC,GTT,0.0,-0.8,T,V,3.0,-0.8,0.8
ACC,TAC,0.0,-0.22,T,Y,2.0,-0.22,0.22
ACC,TAT,0.0,-0.22,T,Y,3.0,-0.22,0.22
ACC,TCA,0.0,0.67,T,S,2.0,0.67,0.67
ACC,TCC,0.0,0.67,T,S,1.0,0.67,0.67
ACC,TCG,0.0,0.67,T,S,2.0,0.67,0.67
ACC,TCT,0.0,0.67,T,S,2.0,0.67,0.67
ACC,TGC,0.0,0.67,T,C,2.0,0.67,0.67
ACC,TGG,0.0,-0.18,T,W,3.0,-0.18,0.18
ACC,TGT,0.0,0.67,T,C,3.0,0.67,0.67
ACC,TTA,0.0,-1.0,T,L,3.0,-1.0,1.0
ACC,TTC,0.0,-0.44,T,F,2.0,-0.44,0.44
ACC,TTG,0.0,-1.0,T,L,3.0,-1.0,1.0
ACC,TTT,0.0,-0.44,T,F,3.0,-0.44,0.44
ACG,ACT,0.0,0.0,T,T,1.0,0.0,0.0
ACG,AGA,0.0,0.33,T,R,2.0,0.33,0.33
ACG,AGC,0.0,0.67,T,S,2.0,0.67,0.67
ACG,AGG,0.0,0.33,T,R,1.0,0.33,0.33
ACG,AGT,0.0,0.67,T,S,2.0,0.67,0.67
ACG,ATA,0.0,-1.0,T,I,2.0,-1.0,1.0
ACG,ATC,0.0,-1.0,T,I,2.0,-1.0,1.0
ACG,ATG,0.0,-0.4,T,M,1.0,-0.4,0.4
ACG,ATT,0.0,-1.0,T,I,2.0,-1.0,1.0
ACG,CAA,0.0,0.4,T,Q,3.0,0.4,0.4
ACG,CAC,0.0,0.67,T,H,3.0,0.67,0.67
ACG,CAG,0.0,0.4,T,Q,2.0,0.4,0.4
ACG,CAT,0.0,0.67,T,H,3.0,0.67,0.67
ACG,CCA,0.0,-0.4,T,P,2.0,-0.4,0.4
ACG,CCC,0.0,-0.4,T,P,2.0,-0.4,0.4
ACG,CCG,0.0,-0.4,T,P,1.0,-0.4,0.4
ACG,CCT,0.0,-0.4,T,P,2.0,-0.4,0.4
ACG,CGA,0.0,0.33,T,R,3.0,0.33,0.33
ACG,CGC,0.0,0.33,T,R,3.0,0.33,0.33
ACG,CGG,0.0,0.33,T,R,2.0,0.33,0.33
ACG,CGT,0.0,0.33,T,R,3.0,0.33,0.33
ACG,CTA,0.0,-1.0,T,L,3.0,-1.0,1.0
ACG,CTC,0.0,-1.0,T,L,3.0,-1.0,1.0
ACG,CTG,0.0,-1.0,T,L,2.0,-1.0,1.0
ACG,CTT,0.0,-1.0,T,L,3.0,-1.0,1.0
ACG,GAA,0.0,0.4,T,E,3.0,0.4,0.4
ACG,GAC,0.0,1.0,T,D,3.0,1.0,1.0
ACG,GAG,0.0,0.4,T,E,2.0,0.4,0.4
ACG,GAT,0.0,1.0,T,D,3.0,1.0,1.0
ACG,GCA,0.0,0.0,T,A,2.0,0.0,0.0
ACG,GCC,0.0,0.0,T,A,2.0,0.0,0.0
ACG,GCG,0.0,0.0,T,A,1.0,0.0,0.0
ACG,GCT,0.0,0.0,T,A,2.0,0.0,0.0
ACG,GGA,0.0,1.0,T,G,3.0,1.0,1.0
ACG,GGC,0.0,1.0,T,G,3.0,1.0,1.0
ACG,GGG,0.0,1.0,T,G,2.0,1.0,1.0
ACG,GGT,0.0,1.0,T,G,3.0,1.0,1.0
ACG,GTA,0.0,-0.8,T,V,3.0,-0.8,0.8
ACG,GTC,0.0,-0.8,T,V,3.0,-0.8,0.8
ACG,GTG,0.0,-0.8,T,V,2.0,-0.8,0.8
ACG,GTT,0.0,-0.8,T,V,3.0,-0.8,0.8
ACG,TAC,0.0,-0.22,T,Y,3.0,-0.22,0.22
ACG,TAT,0.0,-0.22,T,Y,3.0,-0.22,0.22
ACG,TCA,0.0,0.67,T,S,2.0,0.67,0.67
ACG,TCC,0.0,0.67,T,S,2.0,0.67,0.67
ACG,TCG,0.0,0.67,T,S,1.0,0.67,0.67
ACG,TCT,0.0,0.67,T,S,2.0,0.67,0.67
ACG,TGC,0.0,0.67,T,C,3.0,0.67,0.67
ACG,TGG,0.0,-0.18,T,W,2.0,-0.18,0.18
ACG,TGT,0.0,0.67,T,C,3.0,0.67,0.67
ACG,TTA,0.0,-1.0,T,L,3.0,-1.0,1.0
ACG,TTC,0.0,-0.44,T,F,3.0,-0.44,0.44
ACG,TTG,0.0,-1.0,T,L,2.0,-1.0,1.0
ACG,TTT,0.0,-0.44,T,F,3.0,-0.44,0.44
ACT,AGA,0.0,0.33,T,R,2.0,0.33,0.33
ACT,AGC,0.0,0.67,T,S,2.0,0.67,0.67
ACT,AGG,0.0,0.33,T,R,2.0,0.33,0.33
ACT,AGT,0.0,0.67,T,S,1.0,0.67,0.67
ACT,ATA,0.0,-1.0,T,I,2.0,-1.0,1.0
ACT,ATC,0.0,-1.0,T,I,2.0,-1.0,1.0
ACT,ATG,0.0,-0.4,T,M,2.0,-0.4,0.4
ACT,ATT,0.0,-1.0,T,I,1.0,-1.0,1.0
ACT,CAA,0.0,0.4,T,Q,3.0,0.4,0.4
ACT,CAC,0.0,0.67,T,H,3.0,0.67,0.67
ACT,CAG,0.0,0.4,T,Q,3.0,0.4,0.4
ACT,CAT,0.0,0.67,T,H,2.0,0.67,0.67
ACT,CCA,0.0,-0.4,T,P,2.0,-0.4,0.4
ACT,CCC,0.0,-0.4,T,P,2.0,-0.4,0.4
ACT,CCG,0.0,-0.4,T,P,2.0,-0.4,0.4
ACT,CCT,0.0,-0.4,T,P,1.0,-0.4,0.4
ACT,CGA,0.0,0.33,T,R,3.0,0.33,0.33
ACT,CGC,0.0,0.33,T,R,3.0,0.33,0.33
ACT,CGG,0.0,0.33,T,R,3.0,0.33,0.33
ACT,CGT,0.0,0.33,T,R,2.0,0.33,0.33
ACT,CTA,0.0,-1.0,T,L,3.0,-1.0,1.0
ACT,CTC,0.0,-1.0,T,L,3.0,-1.0,1.0
ACT,CTG,0.0,-1.0,T,L,3.0,-1.0,1.0
ACT,CTT,0.0,-1.0,T,L,2.0,-1.0,1.0
ACT,GAA,0.0,0.4,T,E,3.0,0.4,0.4
ACT,GAC,0.0,1.0,T,D,3.0,1.0,1.0
ACT,GAG,0.0,0.4,T,E,3.0,0.4,0.4
ACT,GAT,0.0,1.0,T,D,2.0,1.0,1.0
ACT,GCA,0.0,0.0,T,A,2.0,0.0,0.0
ACT,GCC,0.0,0.0,T,A,2.0,0.0,0.0
ACT,GCG,0.0,0.0,T,A,2.0,0.0,0.0
ACT,GCT,0.0,0.0,T,A,1.0,0.0,0.0
ACT,GGA,0.0,1.0,T,G,3.0,1.0,1.0
ACT,GGC,0.0,1.0,T,G,3.0,1.0,1.0
ACT,GGG,0.0,1.0,T,G,3.0,1.0,1.0
ACT,GGT,0.0,1.0,T,G,2.0,1.0,1.0
ACT,GTA,0.0,-0.8,T,V,3.0,-0.8,0.8
ACT,GTC,0.0,-0.8,T,V,3.0,-0.8,0.8
ACT,GTG,0.0,-0.8,T,V,3.0,-0.8,0.8
ACT,GTT,0.0,-0.8,T,V,2.0,-0.8,0.8
ACT,TAC,0.0,-0.22,T,Y,3.0,-0.22,0.22
ACT,TAT,0.0,-0.22,T,Y,2.0,-0.22,0.22
ACT,TCA,0.0,0.67,T,S,2.0,0.67,0.67
ACT,TCC,0.0,0.67,T,S,2.0,0.67,0.67
ACT,TCG,0.0,0.67,T,S,2.0,0.67,0.67
ACT,TCT,0.0,0.67,T,S,1.0,0.67,0.67
ACT,TGC,0.0,0.67,T,C,3.0,0.67,0.67
ACT,TGG,0.0,-0.18,T,W,3.0,-0.18,0.18
ACT,TGT,0.0,0.67,T,C,2.0,0.67,0.67
ACT,TTA,0.0,-1.0,T,L,3.0,-1.0,1.0
ACT,TTC,0.0,-0.44,T,F,3.0,-0.44,0.44
ACT,TTG,0.0,-1.0,T,L,3.0,-1.0,1.0
ACT,TTT,0.0,-0.44,T,F,2.0,-0.44,0.44
AGA,AGC,0.33,0.67,R,S,1.0,0.34,0.34
AGA,AGG,0.33,0.33,R,R,1.0,0.0,0.0
AGA,AGT,0.33,0.67,R,S,1.0,0.34,0.34
AGA,ATA,0.33,-1.0,R,I,1.0,-1.33,1.33
AGA,ATC,0.33,-1.0,R,I,2.0,-1.33,1.33
AGA,ATG,0.33,-0.4,R,M,2.0,-0.73,0.73
AGA,ATT,0.33,-1.0,R,I,2.0,-1.33,1.33
AGA,CAA,0.33,0.4,R,Q,2.0,0.07,0.07
AGA,CAC,0.33,0.67,R,H,3.0,0.34,0.34
AGA,CAG,0.33,0.4,R,Q,3.0,0.07,0.07
AGA,CAT,0.33,0.67,R,H,3.0,0.34,0.34
AGA,CCA,0.33,-0.4,R,P,2.0,-0.73,0.73
AGA,CCC,0.33,-0.4,R,P,3.0,-0.73,0.73
AGA,CCG,0.33,-0.4,R,P,3.0,-0.73,0.73
AGA,CCT,0.33,-0.4,R,P,3.0,-0.73,0.73
AGA,CGA,0.33,0.33,R,R,1.0,0.0,0.0
AGA,CGC,0.33,0.33,R,R,2.0,0.0,0.0
AGA,CGG,0.33,0.33,R,R,2.0,0.0,0.0
AGA,CGT,0.33,0.33,R,R,2.0,0.0,0.0
AGA,CTA,0.33,-1.0,R,L,2.0,-1.33,1.33
AGA,CTC,0.33,-1.0,R,L,3.0,-1.33,1.33
AGA,CTG,0.33,-1.0,R,L,3.0,-1.33,1.33
AGA,CTT,0.33,-1.0,R,L,3.0,-1.33,1.33
AGA,GAA,0.33,0.4,R,E,2.0,0.07,0.07
AGA,GAC,0.33,1.0,R,D,3.0,0.6699999999999999,0.6699999999999999
AGA,GAG,0.33,0.4,R,E,3.0,0.07,0.07
AGA,GAT,0.33,1.0,R,D,3.0,0.6699999999999999,0.6699999999999999
AGA,GCA,0.33,0.0,R,A,2.0,-0.33,0.33
AGA,GCC,0.33,0.0,R,A,3.0,-0.33,0.33
AGA,GCG,0.33,0.0,R,A,3.0,-0.33,0.33
AGA,GCT,0.33,0.0,R,A,3.0,-0.33,0.33
AGA,GGA,0.33,1.0,R,G,1.0,0.6699999999999999,0.6699999999999999
AGA,GGC,0.33,1.0,R,G,2.0,0.6699999999999999,0.6699999999999999
AGA,GGG,0.33,1.0,R,G,2.0,0.6699999999999999,0.6699999999999999
AGA,GGT,0.33,1.0,R,G,2.0,0.6699999999999999,0.6699999999999999
AGA,GTA,0.33,-0.8,R,V,2.0,-1.1300000000000001,1.1300000000000001
AGA,GTC,0.33,-0.8,R,V,3.0,-1.1300000000000001,1.1300000000000001
AGA,GTG,0.33,-0.8,R,V,3.0,-1.1300000000000001,1.1300000000000001
AGA,GTT,0.33,-0.8,R,V,3.0,-1.1300000000000001,1.1300000000000001
AGA,TAC,0.33,-0.22,R,Y,3.0,-0.55,0.55
AGA,TAT,0.33,-0.22,R,Y,3.0,-0.55,0.55
AGA,TCA,0.33,0.67,R,S,2.0,0.34,0.34
AGA,TCC,0.33,0.67,R,S,3.0,0.34,0.34
AGA,TCG,0.33,0.67,R,S,3.0,0.34,0.34
AGA,TCT,0.33,0.67,R,S,3.0,0.34,0.34
AGA,TGC,0.33,0.67,R,C,2.0,0.34,0.34
AGA,TGG,0.33,-0.18,R,W,2.0,-0.51,0.51
AGA,TGT,0.33,0.67,R,C,2.0,0.34,0.34
AGA,TTA,0.33,-1.0,R,L,2.0,-1.33,1.33
AGA,TTC,0.33,-0.44,R,F,3.0,-0.77,0.77
AGA,TTG,0.33,-1.0,R,L,3.0,-1.33,1.33
AGA,TTT,0.33,-0.44,R,F,3.0,-0.77,0.77
AGC,AGG,0.67,0.33,S,R,1.0,-0.34,0.34
AGC,AGT,0.67,0.67,S,S,1.0,0.0,0.0
AGC,ATA,0.67,-1.0,S,I,2.0,-1.67,1.67
AGC,ATC,0.67,-1.0,S,I,1.0,-1.67,1.67
AGC,ATG,0.67,-0.4,S,M,2.0,-1.07,1.07
AGC,ATT,0.67,-1.0,S,I,2.0,-1.67,1.67
AGC,CAA,0.67,0.4,S,Q,3.0,-0.27,0.27
AGC,CAC,0.67,0.67,S,H,2.0,0.0,0.0
AGC,CAG,0.67,0.4,S,Q,3.0,-0.27,0.27
AGC,CAT,0.67,0.67,S,H,3.0,0.0,0.0
AGC,CCA,0.67,-0.4,S,P,3.0,-1.07,1.07
AGC,CCC,0.67,-0.4,S,P,2.0,-1.07,1.07
AGC,CCG,0.67,-0.4,S,P,3.0,-1.07,1.07
AGC,CCT,0.67,-0.4,S,P,3.0,-1.07,1.07
AGC,CGA,0.67,0.33,S,R,2.0,-0.34,0.34
AGC,CGC,0.67,0.33,S,R,1.0,-0.34,0.34
AGC,CGG,0.67,0.33,S,R,2.0,-0.34,0.34
AGC,CGT,0.67,0.33,S,R,2.0,-0.34,0.34
AGC,CTA,0.67,-1.0,S,L,3.0,-1.67,1.67
AGC,CTC,0.67,-1.0,S,L,2.0,-1.67,1.67
AGC,CTG,0.67,-1.0,S,L,3.0,-1.67,1.67
AGC,CTT,0.67,-1.0,S,L,3.0,-1.67,1.67
AGC,GAA,0.67,0.4,S,E,3.0,-0.27,0.27
AGC,GAC,0.67,1.0,S,D,2.0,0.32999999999999996,0.32999999999999996
AGC,GAG,0.67,0.4,S,E,3.0,-0.27,0.27
AGC,GAT,0.67,1.0,S,D,3.0,0.32999999999999996,0.32999999999999996
AGC,GCA,0.67,0.0,S,A,3.0,-0.67,0.67
AGC,GCC,0.67,0.0,S,A,2.0,-0.67,0.67
AGC,GCG,0.67,0.0,S,A,3.0,-0.67,0.67
AGC,GCT,0.67,0.0,S,A,3.0,-0.67,0.67
AGC,GGA,0.67,1.0,S,G,2.0,0.32999999999999996,0.32999999999999996
AGC,GGC,0.67,1.0,S,G,1.0,0.32999999999999996,0.32999999999999996
AGC,GGG,0.67,1.0,S,G,2.0,0.32999999999999996,0.32999999999999996
AGC,GGT,0.67,1.0,S,G,2.0,0.32999999999999996,0.32999999999999996
AGC,GTA,0.67,-0.8,S,V,3.0,-1.4700000000000002,1.4700000000000002
AGC,GTC,0.67,-0.8,S,V,2.0,-1.4700000000000002,1.4700000000000002
AGC,GTG,0.67,-0.8,S,V,3.0,-1.4700000000000002,1.4700000000000002
AGC,GTT,0.67,-0.8,S,V,3.0,-1.4700000000000002,1.4700000000000002
AGC,TAC,0.67,-0.22,S,Y,2.0,-0.89,0.89
AGC,TAT,0.67,-0.22,S,Y,3.0,-0.89,0.89
AGC,TCA,0.67,0.67,S,S,3.0,0.0,0.0
AGC,TCC,0.67,0.67,S,S,2.0,0.0,0.0
AGC,TCG,0.67,0.67,S,S,3.0,0.0,0.0
AGC,TCT,0.67,0.67,S,S,3.0,0.0,0.0
AGC,TGC,0.67,0.67,S,C,1.0,0.0,0.0
AGC,TGG,0.67,-0.18,S,W,2.0,-0.8500000000000001,0.8500000000000001
AGC,TGT,0.67,0.67,S,C,2.0,0.0,0.0
AGC,TTA,0.67,-1.0,S,L,3.0,-1.67,1.67
AGC,TTC,0.67,-0.44,S,F,2.0,-1.11,1.11
AGC,TTG,0.67,-1.0,S,L,3.0,-1.67,1.67
AGC,TTT,0.67,-0.44,S,F,3.0,-1.11,1.11
AGG,AGT,0.33,0.67,R,S,1.0,0.34,0.34
AGG,ATA,0.33,-1.0,R,I,2.0,-1.33,1.33
AGG,ATC,0.33,-1.0,R,I,2.0,-1.33,1.33
AGG,ATG,0.33,-0.4,R,M,1.0,-0.73,0.73
AGG,ATT,0.33,-1.0,R,I,2.0,-1.33,1.33
AGG,CAA,0.33,0.4,R,Q,3.0,0.07,0.07
AGG,CAC,0.33,0.67,R,H,3.0,0.34,0.34
AGG,CAG,0.33,0.4,R,Q,2.0,0.07,0.07
AGG,CAT,0.33,0.67,R,H,3.0,0.34,0.34
AGG,CCA,0.33,-0.4,R,P,3.0,-0.73,0.73
AGG,CCC,0.33,-0.4,R,P,3.0,-0.73,0.73
AGG,CCG,0.33,-0.4,R,P,2.0,-0.73,0.73
AGG,CCT,0.33,-0.4,R,P,3.0,-0.73,0.73
AGG,CGA,0.33,0.33,R,R,2.0,0.0,0.0
AGG,CGC,0.33,0.33,R,R,2.0,0.0,0.0
AGG,CGG,0.33,0.33,R,R,1.0,0.0,0.0
AGG,CGT,0.33,0.33,R,R,2.0,0.0,0.0
AGG,CTA,0.33,-1.0,R,L,3.0,-1.33,1.33
AGG,CTC,0.33,-1.0,R,L,3.0,-1.33,1.33
AGG,CTG,0.33,-1.0,R,L,2.0,-1.33,1.33
AGG,CTT,0.33,-1.0,R,L,3.0,-1.33,1.33
AGG,GAA,0.33,0.4,R,E,3.0,0.07,0.07
AGG,GAC,0.33,1.0,R,D,3.0,0.6699999999999999,0.6699999999999999
AGG,GAG,0.33,0.4,R,E,2.0,0.07,0.07
AGG,GAT,0.33,1.0,R,D,3.0,0.6699999999999999,0.6699999999999999
AGG,GCA,0.33,0.0,R,A,3.0,-0.33,0.33
AGG,GCC,0.33,0.0,R,A,3.0,-0.33,0.33
AGG,GCG,0.33,0.0,R,A,2.0,-0.33,0.33
AGG,GCT,0.33,0.0,R,A,3.0,-0.33,0.33
AGG,GGA,0.33,1.0,R,G,2.0,0.6699999999999999,0.6699999999999999
AGG,GGC,0.33,1.0,R,G,2.0,0.6699999999999999,0.6699999999999999
AGG,GGG,0.33,1.0,R,G,1.0,0.6699999999999999,0.6699999999999999
AGG,GGT,0.33,1.0,R,G,2.0,0.6699999999999999,0.6699999999999999
AGG,GTA,0.33,-0.8,R,V,3.0,-1.1300000000000001,1.1300000000000001
AGG,GTC,0.33,-0.8,R,V,3.0,-1.1300000000000001,1.1300000000000001
AGG,GTG,0.33,-0.8,R,V,2.0,-1.1300000000000001,1.1300000000000001
AGG,GTT,0.33,-0.8,R,V,3.0,-1.1300000000000001,1.1300000000000001
AGG,TAC,0.33,-0.22,R,Y,3.0,-0.55,0.55
AGG,TAT,0.33,-0.22,R,Y,3.0,-0.55,0.55
AGG,TCA,0.33,0.67,R,S,3.0,0.34,0.34
AGG,TCC,0.33,0.67,R,S,3.0,0.34,0.34
AGG,TCG,0.33,0.67,R,S,2.0,0.34,0.34
AGG,TCT,0.33,0.67,R,S,3.0,0.34,0.34
AGG,TGC,0.33,0.67,R,C,2.0,0.34,0.34
AGG,TGG,0.33,-0.18,R,W,1.0,-0.51,0.51
AGG,TGT,0.33,0.67,R,C,2.0,0.34,0.34
AGG,TTA,0.33,-1.0,R,L,3.0,-1.33,1.33
AGG,TTC,0.33,-0.44,R,F,3.0,-0.77,0.77
AGG,TTG,0.33,-1.0,R,L,2.0,-1.33,1.33
AGG,TTT,0.33,-0.44,R,F,3.0,-0.77,0.77
AGT,ATA,0.67,-1.0,S,I,2.0,-1.67,1.67
AGT,ATC,0.67,-1.0,S,I,2.0,-1.67,1.67
AGT,ATG,0.67,-0.4,S,M,2.0,-1.07,1.07
AGT,ATT,0.67,-1.0,S,I,1.0,-1.67,1.67
AGT,CAA,0.67,0.4,S,Q,3.0,-0.27,0.27
AGT,CAC,0.67,0.67,S,H,3.0,0.0,0.0
AGT,CAG,0.67,0.4,S,Q,3.0,-0.27,0.27
AGT,CAT,0.67,0.67,S,H,2.0,0.0,0.0
AGT,CCA,0.67,-0.4,S,P,3.0,-1.07,1.07
AGT,CCC,0.67,-0.4,S,P,3.0,-1.07,1.07
AGT,CCG,0.67,-0.4,S,P,3.0,-1.07,1.07
AGT,CCT,0.67,-0.4,S,P,2.0,-1.07,1.07
AGT,CGA,0.67,0.33,S,R,2.0,-0.34,0.34
AGT,CGC,0.67,0.33,S,R,2.0,-0.34,0.34
AGT,CGG,0.67,0.33,S,R,2.0,-0.34,0.34
AGT,CGT,0.67,0.33,S,R,1.0,-0.34,0.34
AGT,CTA,0.67,-1.0,S,L,3.0,-1.67,1.67
AGT,CTC,0.67,-1.0,S,L,3.0,-1.67,1.67
AGT,CTG,0.67,-1.0,S,L,3.0,-1.67,1.67
AGT,CTT,0.67,-1.0,S,L,2.0,-1.67,1.67
AGT,GAA,0.67,0.4,S,E,3.0,-0.27,0.27
AGT,GAC,0.67,1.0,S,D,3.0,0.32999999999999996,0.32999999999999996
AGT,GAG,0.67,0.4,S,E,3.0,-0.27,0.27
AGT,GAT,0.67,1.0,S,D,2.0,0.32999999999999996,0.32999999999999996
AGT,GCA,0.67,0.0,S,A,3.0,-0.67,0.67
AGT,GCC,0.67,0.0,S,A,3.0,-0.67,0.67
AGT,GCG,0.67,0.0,S,A,3.0,-0.67,0.67
AGT,GCT,0.67,0.0,S,A,2.0,-0.67,0.67
AGT,GGA,0.67,1.0,S,G,2.0,0.32999999999999996,0.32999999999999996
AGT,GGC,0.67,1.0,S,G,2.0,0.32999999999999996,0.32999999999999996
AGT,GGG,0.67,1.0,S,G,2.0,0.32999999999999996,0.32999999999999996
AGT,GGT,0.67,1.0,S,G,1.0,0.32999999999999996,0.32999999999999996
AGT,GTA,0.67,-0.8,S,V,3.0,-1.4700000000000002,1.4700000000000002
AGT,GTC,0.67,-0.8,S,V,3.0,-1.4700000000000002,1.4700000000000002
AGT,GTG,0.67,-0.8,S,V,3.0,-1.4700000000000002,1.4700000000000002
AGT,GTT,0.67,-0.8,S,V,2.0,-1.4700000000000002,1.4700000000000002
AGT,TAC,0.67,-0.22,S,Y,3.0,-0.89,0.89
AGT,TAT,0.67,-0.22,S,Y,2.0,-0.89,0.89
AGT,TCA,0.67,0.67,S,S,3.0,0.0,0.0
AGT,TCC,0.67,0.67,S,S,3.0,0.0,0.0
AGT,TCG,0.67,0.67,S,S,3.0,0.0,0.0
AGT,TCT,0.67,0.67,S,S,2.0,0.0,0.0
AGT,TGC,0.67,0.67,S,C,2.0,0.0,0.0
AGT,TGG,0.67,-0.18,S,W,2.0,-0.8500000000000001,0.8500000000000001
AGT,TGT,0.67,0.67,S,C,1.0,0.0,0.0
AGT,TTA,0.67,-1.0,S,L,3.0,-1.67,1.67
AGT,TTC,0.67,-0.44,S,F,3.0,-1.11,1.11
AGT,TTG,0.67,-1.0,S,L,3.0,-1.67,1.67
AGT,TTT,0.67,-0.44,S,F,2.0,-1.11,1.11
ATA,ATC,-1.0,-1.0,I,I,1.0,0.0,0.0
ATA,ATG,-1.0,-0.4,I,M,1.0,0.6,0.6
ATA,ATT,-1.0,-1.0,I,I,1.0,0.0,0.0
ATA,CAA,-1.0,0.4,I,Q,2.0,1.4,1.4
ATA,CAC,-1.0,0.67,I,H,3.0,1.67,1.67
ATA,CAG,-1.0,0.4,I,Q,3.0,1.4,1.4
ATA,CAT,-1.0,0.67,I,H,3.0,1.67,1.67
ATA,CCA,-1.0,-0.4,I,P,2.0,0.6,0.6
ATA,CCC,-1.0,-0.4,I,P,3.0,0.6,0.6
ATA,CCG,-1.0,-0.4,I,P,3.0,0.6,0.6
ATA,CCT,-1.0,-0.4,I,P,3.0,0.6,0.6
ATA,CGA,-1.0,0.33,I,R,2.0,1.33,1.33
ATA,CGC,-1.0,0.33,I,R,3.0,1.33,1.33
ATA,CGG,-1.0,0.33,I,R,3.0,1.33,1.33
ATA,CGT,-1.0,0.33,I,R,3.0,1.33,1.33
ATA,CTA,-1.0,-1.0,I,L,1.0,0.0,0.0
ATA,CTC,-1.0,-1.0,I,L,2.0,0.0,0.0
ATA,CTG,-1.0,-1.0,I,L,2.0,0.0,0.0
ATA,CTT,-1.0,-1.0,I,L,2.0,0.0,0.0
ATA,GAA,-1.0,0.4,I,E,2.0,1.4,1.4
ATA,GAC,-1.0,1.0,I,D,3.0,2.0,2.0
ATA,GAG,-1.0,0.4,I,E,3.0,1.4,1.4
ATA,GAT,-1.0,1.0,I,D,3.0,2.0,2.0
ATA,GCA,-1.0,0.0,I,A,2.0,1.0,1.0
ATA,GCC,-1.0,0.0,I,A,3.0,1.0,1.0
ATA,GCG,-1.0,0.0,I,A,3.0,1.0,1.0
ATA,GCT,-1.0,0.0,I,A,3.0,1.0,1.0
ATA,GGA,-1.0,1.0,I,G,2.0,2.0,2.0
ATA,GGC,-1.0,1.0,I,G,3.0,2.0,2.0
ATA,GGG,-1.0,1.0,I,G,3.0,2.0,2.0
ATA,GGT,-1.0,1.0,I,G,3.0,2.0,2.0
ATA,GTA,-1.0,-0.8,I,V,1.0,0.19999999999999996,0.19999999999999996
ATA,GTC,-1.0,-0.8,I,V,2.0,0.19999999999999996,0.19999999999999996
ATA,GTG,-1.0,-0.8,I,V,2.0,0.19999999999999996,0.19999999999999996
ATA,GTT,-1.0,-0.8,I,V,2.0,0.19999999999999996,0.19999999999999996
ATA,TAC,-1.0,-0.22,I,Y,3.0,0.78,0.78
ATA,TAT,-1.0,-0.22,I,Y,3.0,0.78,0.78
ATA,TCA,-1.0,0.67,I,S,2.0,1.67,1.67
ATA,TCC,-1.0,0.67,I,S,3.0,1.67,1.67
ATA,TCG,-1.0,0.67,I,S,3.0,1.67,1.67
ATA,TCT,-1.0,0.67,I,S,3.0,1.67,1.67
ATA,TGC,-1.0,0.67,I,C,3.0,1.67,1.67
ATA,TGG,-1.0,-0.18,I,W,3.0,0.8200000000000001,0.8200000000000001
ATA,TGT,-1.0,0.67,I,C,3.0,1.67,1.67
ATA,TTA,-1.0,-1.0,I,L,1.0,0.0,0.0
ATA,TTC,-1.0,-0.44,I,F,2.0,0.56,0.56
ATA,TTG,-1.0,-1.0,I,L,2.0,0.0,0.0
ATA,TTT,-1.0,-0.44,I,F,2.0,0.56,0.56
ATC,ATG,-1.0,-0.4,I,M,1.0,0.6,0.6
ATC,ATT,-1.0,-1.0,I,I,1.0,0.0,0.0
ATC,CAA,-1.0,0.4,I,Q,3.0,1.4,1.4
ATC,CAC,-1.0,0.67,I,H,2.0,1.67,1.67
ATC,CAG,-1.0,0.4,I,Q,3.0,1.4,1.4
ATC,CAT,-1.0,0.67,I,H,3.0,1.67,1.67
ATC,CCA,-1.0,-0.4,I,P,3.0,0.6,0.6
ATC,CCC,-1.0,-0.4,I,P,2.0,0.6,0.6
ATC,CCG,-1.0,-0.4,I,P,3.0,0.6,0.6
ATC,CCT,-1.0,-0.4,I,P,3.0,0.6,0.6
ATC,CGA,-1.0,0.33,I,R,3.0,1.33,1.33
ATC,CGC,-1.0,0.33,I,R,2.0,1.33,1.33
ATC,CGG,-1.0,0.33,I,R,3.0,1.33,1.33
ATC,CGT,-1.0,0.33,I,R,3.0,1.33,1.33
ATC,CTA,-1.0,-1.0,I,L,2.0,0.0,0.0
ATC,CTC,-1.0,-1.0,I,L,1.0,0.0,0.0
ATC,CTG,-1.0,-1.0,I,L,2.0,0.0,0.0
ATC,CTT,-1.0,-1.0,I,L,2.0,0.0,0.0
ATC,GAA,-1.0,0.4,I,E,3.0,1.4,1.4
ATC,GAC,-1.0,1.0,I,D,2.0,2.0,2.0
ATC,GAG,-1.0,0.4,I,E,3.0,1.4,1.4
ATC,GAT,-1.0,1.0,I,D,3.0,2.0,2.0
ATC,GCA,-1.0,0.0,I,A,3.0,1.0,1.0
ATC,GCC,-1.0,0.0,I,A,2.0,1.0,1.0
ATC,GCG,-1.0,0.0,I,A,3.0,1.0,1.0
ATC,GCT,-1.0,0.0,I,A,3.0,1.0,1.0
ATC,GGA,-1.0,1.0,I,G,3.0,2.0,2.0
ATC,GGC,-1.0,1.0,I,G,2.0,2.0,2.0
ATC,GGG,-1.0,1.0,I,G,3.0,2.0,2.0
ATC,GGT,-1.0,1.0,I,G,3.0,2.0,2.0
ATC,GTA,-1.0,-0.8,I,V,2.0,0.19999999999999996,0.19999999999999996
ATC,GTC,-1.0,-0.8,I,V,1.0,0.19999999999999996,0.19999999999999996
ATC,GTG,-1.0,-0.8,I,V,2.0,0.19999999999999996,0.19999999999999996
ATC,GTT,-1.0,-0.8,I,V,2.0,0.19999999999999996,0.19999999999999996
ATC,TAC,-1.0,-0.22,I,Y,2.0,0.78,0.78
ATC,TAT,-1.0,-0.22,I,Y,3.0,0.78,0.78
ATC,TCA,-1.0,0.67,I,S,3.0,1.67,1.67
ATC,TCC,-1.0,0.67,I,S,2.0,1.67,1.67
ATC,TCG,-1.0,0.67,I,S,3.0,1.67,1.67
ATC,TCT,-1.0,0.67,I,S,3.0,1.67,1.67
ATC,TGC,-1.0,0.67,I,C,2.0,1.67,1.67
ATC,TGG,-1.0,-0.18,I,W,3.0,0.8200000000000001,0.8200000000000001
ATC,TGT,-1.0,0.67,I,C,3.0,1.67,1.67
ATC,TTA,-1.0,-1.0,I,L,2.0,0.0,0.0
ATC,TTC,-1.0,-0.44,I,F,1.0,0.56,0.56
ATC,TTG,-1.0,-1.0,I,L,2.0,0.0,0.0
ATC,TTT,-1.0,-0.44,I,F,2.0,0.56,0.56
ATG,ATT,-0.4,-1.0,M,I,1.0,-0.6,0.6
ATG,CAA,-0.4,0.4,M,Q,3.0,0.8,0.8
ATG,CAC,-0.4,0.67,M,H,3.0,1.07,1.07
ATG,CAG,-0.4,0.4,M,Q,2.0,0.8,0.8
ATG,CAT,-0.4,0.67,M,H,3.0,1.07,1.07
ATG,CCA,-0.4,-0.4,M,P,3.0,0.0,0.0
ATG,CCC,-0.4,-0.4,M,P,3.0,0.0,0.0
ATG,CCG,-0.4,-0.4,M,P,2.0,0.0,0.0
ATG,CCT,-0.4,-0.4,M,P,3.0,0.0,0.0
ATG,CGA,-0.4,0.33,M,R,3.0,0.73,0.73
ATG,CGC,-0.4,0.33,M,R,3.0,0.73,0.73
ATG,CGG,-0.4,0.33,M,R,2.0,0.73,0.73
ATG,CGT,-0.4,0.33,M,R,3.0,0.73,0.73
ATG,CTA,-0.4,-1.0,M,L,2.0,-0.6,0.6
ATG,CTC,-0.4,-1.0,M,L,2.0,-0.6,0.6
ATG,CTG,-0.4,-1.0,M,L,1.0,-0.6,0.6
ATG,CTT,-0.4,-1.0,M,L,2.0,-0.6,0.6
ATG,GAA,-0.4,0.4,M,E,3.0,0.8,0.8
ATG,GAC,-0.4,1.0,M,D,3.0,1.4,1.4
ATG,GAG,-0.4,0.4,M,E,2.0,0.8,0.8
ATG,GAT,-0.4,1.0,M,D,3.0,1.4,1.4
ATG,GCA,-0.4,0.0,M,A,3.0,0.4,0.4
ATG,GCC,-0.4,0.0,M,A,3.0,0.4,0.4
ATG,GCG,-0.4,0.0,M,A,2.0,0.4,0.4
ATG,GCT,-0.4,0.0,M,A,3.0,0.4,0.4
ATG,GGA,-0.4,1.0,M,G,3.0,1.4,1.4
ATG,GGC,-0.4,1.0,M,G,3.0,1.4,1.4
ATG,GGG,-0.4,1.0,M,G,2.0,1.4,1.4
ATG,GGT,-0.4,1.0,M,G,3.0,1.4,1.4
ATG,GTA,-0.4,-0.8,M,V,2.0,-0.4,0.4
ATG,GTC,-0.4,-0.8,M,V,2.0,-0.4,0.4
ATG,GTG,-0.4,-0.8,M,V,1.0,-0.4,0.4
ATG,GTT,-0.4,-0.8,M,V,2.0,-0.4,0.4
ATG,TAC,-0.4,-0.22,M,Y,3.0,0.18000000000000002,0.18000000000000002
ATG,TAT,-0.4,-0.22,M,Y,3.0,0.18000000000000002,0.18000000000000002
ATG,TCA,-0.4,0.67,M,S,3.0,1.07,1.07
ATG,TCC,-0.4,0.67,M,S,3.0,1.07,1.07
ATG,TCG,-0.4,0.67,M,S,2.0,1.07,1.07
ATG,TCT,-0.4,0.67,M,S,3.0,1.07,1.07
ATG,TGC,-0.4,0.67,M,C,3.0,1.07,1.07
ATG,TGG,-0.4,-0.18,M,W,2.0,0.22000000000000003,0.22000000000000003
ATG,TGT,-0.4,0.67,M,C,3.0,1.07,1.07
ATG,TTA,-0.4,-1.0,M,L,2.0,-0.6,0.6
ATG,TTC,-0.4,-0.44,M,F,2.0,-0.03999999999999998,0.03999999999999998
ATG,TTG,-0.4,-1.0,M,L,1.0,-0.6,0.6
ATG,TTT,-0.4,-0.44,M,F,2.0,-0.03999999999999998,0.03999999999999998
ATT,CAA,-1.0,0.4,I,Q,3.0,1.4,1.4
ATT,CAC,-1.0,0.67,I,H,3.0,1.67,1.67
ATT,CAG,-1.0,0.4,I,Q,3.0,1.4,1.4
ATT,CAT,-1.0,0.67,I,H,2.0,1.67,1.67
ATT,CCA,-1.0,-0.4,I,P,3.0,0.6,0.6
ATT,CCC,-1.0,-0.4,I,P,3.0,0.6,0.6
ATT,CCG,-1.0,-0.4,I,P,3.0,0.6,0.6
ATT,CCT,-1.0,-0.4,I,P,2.0,0.6,0.6
ATT,CGA,-1.0,0.33,I,R,3.0,1.33,1.33
ATT,CGC,-1.0,0.33,I,R,3.0,1.33,1.33
ATT,CGG,-1.0,0.33,I,R,3.0,1.33,1.33
ATT,CGT,-1.0,0.33,I,R,2.0,1.33,1.33
ATT,CTA,-1.0,-1.0,I,L,2.0,0.0,0.0
ATT,CTC,-1.0,-1.0,I,L,2.0,0.0,0.0
ATT,CTG,-1.0,-1.0,I,L,2.0,0.0,0.0
ATT,CTT,-1.0,-1.0,I,L,1.0,0.0,0.0
ATT,GAA,-1.0,0.4,I,E,3.0,1.4,1.4
ATT,GAC,-1.0,1.0,I,D,3.0,2.0,2.0
ATT,GAG,-1.0,0.4,I,E,3.0,1.4,1.4
ATT,GAT,-1.0,1.0,I,D,2.0,2.0,2.0
ATT,GCA,-1.0,0.0,I,A,3.0,1.0,1.0
ATT,GCC,-1.0,0.0,I,A,3.0,1.0,1.0
ATT,GCG,-1.0,0.0,I,A,3.0,1.0,1.0
ATT,GCT,-1.0,0.0,I,A,2.0,1.0,1.0
ATT,GGA,-1.0,1.0,I,G,3.0,2.0,2.0
ATT,GGC,-1.0,1.0,I,G,3.0,2.0,2.0
ATT,GGG,-1.0,1.0,I,G,3.0,2.0,2.0
ATT,GGT,-1.0,1.0,I,G,2.0,2.0,2.0
ATT,GTA,-1.0,-0.8,I,V,2.0,0.19999999999999996,0.19999999999999996
ATT,GTC,-1.0,-0.8,I,V,2.0,0.19999999999999996,0.19999999999999996
ATT,GTG,-1.0,-0.8,I,V,2.0,0.19999999999999996,0.19999999999999996
ATT,GTT,-1.0,-0.8,I,V,1.0,0.19999999999999996,0.19999999999999996
ATT,TAC,-1.0,-0.22,I,Y,3.0,0.78,0.78
ATT,TAT,-1.0,-0.22,I,Y,2.0,0.78,0.78
ATT,TCA,-1.0,0.67,I,S,3.0,1.67,1.67
ATT,TCC,-1.0,0.67,I,S,3.0,1.67,1.67
ATT,TCG,-1.0,0.67,I,S,3.0,1.67,1.67
ATT,TCT,-1.0,0.67,I,S,2.0,1.67,1.67
ATT,TGC,-1.0,0.67,I,C,3.0,1.67,1.67
ATT,TGG,-1.0,-0.18,I,W,3.0,0.8200000000000001,0.8200000000000001
ATT,TGT,-1.0,0.67,I,C,2.0,1.67,1.67
ATT,TTA,-1.0,-1.0,I,L,2.0,0.0,0.0
ATT,TTC,-1.0,-0.44,I,F,2.0,0.56,0.56
ATT,TTG,-1.0,-1.0,I,L,2.0,0.0,0.0
ATT,TTT,-1.0,-0.44,I,F,1.0,0.56,0.56
CAA,CAC,0.4,0.67,Q,H,1.0,0.27,0.27
CAA,CAG,0.4,0.4,Q,Q,1.0,0.0,0.0
CAA,CAT,0.4,0.67,Q,H,1.0,0.27,0.27
CAA,CCA,0.4,-0.4,Q,P,1.0,-0.8,0.8
CAA,CCC,0.4,-0.4,Q,P,2.0,-0.8,0.8
CAA,CCG,0.4,-0.4,Q,P,2.0,-0.8,0.8
CAA,CCT,0.4,-0.4,Q,P,2.0,-0.8,0.8
CAA,CGA,0.4,0.33,Q,R,1.0,-0.07,0.07
CAA,CGC,0.4,0.33,Q,R,2.0,-0.07,0.07
CAA,CGG,0.4,0.33,Q,R,2.0,-0.07,0.07
CAA,CGT,0.4,0.33,Q,R,2.0,-0.07,0.07
CAA,CTA,0.4,-1.0,Q,L,1.0,-1.4,1.4
CAA,CTC,0.4,-1.0,Q,L,2.0,-1.4,1.4
CAA,CTG,0.4,-1.0,Q,L,2.0,-1.4,1.4
CAA,CTT,0.4,-1.0,Q,L,2.0,-1.4,1.4
CAA,GAA,0.4,0.4,Q,E,1.0,0.0,0.0
CAA,GAC,0.4,1.0,Q,D,2.0,0.6,0.6
CAA,GAG,0.4,0.4,Q,E,2.0,0.0,0.0
CAA,GAT,0.4,1.0,Q,D,2.0,0.6,0.6
CAA,GCA,0.4,0.0,Q,A,2.0,-0.4,0.4
CAA,GCC,0.4,0.0,Q,A,3.0,-0.4,0.4
CAA,GCG,0.4,0.0,Q,A,3.0,-0.4,0.4
CAA,GCT,0.4,0.0,Q,A,3.0,-0.4,0.4
CAA,GGA,0.4,1.0,Q,G,2.0,0.6,0.6
CAA,GGC,0.4,1.0,Q,G,3.0,0.6,0.6
CAA,GGG,0.4,1.0,Q,G,3.0,0.6,0.6
CAA,GGT,0.4,1.0,Q,G,3.0,0.6,0.6
CAA,GTA,0.4,-0.8,Q,V,2.0,-1.2000000000000002,1.2000000000000002
CAA,GTC,0.4,-0.8,Q,V,3.0,-1.2000000000000002,1.2000000000000002
CAA,GTG,0.4,-0.8,Q,V,3.0,-1.2000000000000002,1.2000000000000002
CAA,GTT,0.4,-0.8,Q,V,3.0,-1.2000000000000002,1.2000000000000002
CAA,TAC,0.4,-0.22,Q,Y,2.0,-0.62,0.62
CAA,TAT,0.4,-0.22,Q,Y,2.0,-0.62,0.62
CAA,TCA,0.4,0.67,Q,S,2.0,0.27,0.27
CAA,TCC,0.4,0.67,Q,S,3.0,0.27,0.27
CAA,TCG,0.4,0.67,Q,S,3.0,0.27,0.27
CAA,TCT,0.4,0.67,Q,S,3.0,0.27,0.27
CAA,TGC,0.4,0.67,Q,C,3.0,0.27,0.27
CAA,TGG,0.4,-0.18,Q,W,3.0,-0.5800000000000001,0.5800000000000001
CAA,TGT,0.4,0.67,Q,C,3.0,0.27,0.27
CAA,TTA,0.4,-1.0,Q,L,2.0,-1.4,1.4
CAA,TTC,0.4,-0.44,Q,F,3.0,-0.8400000000000001,0.8400000000000001
CAA,TTG,0.4,-1.0,Q,L,3.0,-1.4,1.4
CAA,TTT,0.4,-0.44,Q,F,3.0,-0.8400000000000001,0.8400000000000001
CAC,CAG,0.67,0.4,H,Q,1.0,-0.27,0.27
CAC,CAT,0.67,0.67,H,H,1.0,0.0,0.0
CAC,CCA,0.67,-0.4,H,P,2.0,-1.07,1.07
CAC,CCC,0.67,-0.4,H,P,1.0,-1.07,1.07
CAC,CCG,0.67,-0.4,H,P,2.0,-1.07,1.07
CAC,CCT,0.67,-0.4,H,P,2.0,-1.07,1.07
CAC,CGA,0.67,0.33,H,R,2.0,-0.34,0.34
CAC,CGC,0.67,0.33,H,R,1.0,-0.34,0.34
CAC,CGG,0.67,0.33,H,R,2.0,-0.34,0.34
CAC,CGT,0.67,0.33,H,R,2.0,-0.34,0.34
CAC,CTA,0.67,-1.0,H,L,2.0,-1.67,1.67
CAC,CTC,0.67,-1.0,H,L,1.0,-1.67,1.67
CAC,CTG,0.67,-1.0,H,L,2.0,-1.67,1.67
CAC,CTT,0.67,-1.0,H,L,2.0,-1.67,1.67
CAC,GAA,0.67,0.4,H,E,2.0,-0.27,0.27
CAC,GAC,0.67,1.0,H,D,1.0,0.32999999999999996,0.32999999999999996
CAC,GAG,0.67,0.4,H,E,2.0,-0.27,0.27
CAC,GAT,0.67,1.0,H,D,2.0,0.32999999999999996,0.32999999999999996
CAC,GCA,0.67,0.0,H,A,3.0,-0.67,0.67
CAC,GCC,0.67,0.0,H,A,2.0,-0.67,0.67
CAC,GCG,0.67,0.0,H,A,3.0,-0.67,0.67
CAC,GCT,0.67,0.0,H,A,3.0,-0.67,0.67
CAC,GGA,0.67,1.0,H,G,3.0,0.32999999999999996,0.32999999999999996
CAC,GGC,0.67,1.0,H,G,2.0,0.32999999999999996,0.32999999999999996
CAC,GGG,0.67,1.0,H,G,3.0,0.32999999999999996,0.32999999999999996
CAC,GGT,0.67,1.0,H,G,3.0,0.32999999999999996,0.32999999999999996
CAC,GTA,0.67,-0.8,H,V,3.0,-1.4700000000000002,1.4700000000000002
CAC,GTC,0.67,-0.8,H,V,2.0,-1.4700000000000002,1.4700000000000002
CAC,GTG,0.67,-0.8,H,V,3.0,-1.4700000000000002,1.4700000000000002
CAC,GTT,0.67,-0.8,H,V,3.0,-1.4700000000000002,1.4700000000000002
CAC,TAC,0.67,-0.22,H,Y,1.0,-0.89,0.89
CAC,TAT,0.67,-0.22,H,Y,2.0,-0.89,0.89
CAC,TCA,0.67,0.67,H,S,3.0,0.0,0.0
CAC,TCC,0.67,0.67,H,S,2.0,0.0,0.0
CAC,TCG,0.67,0.67,H,S,3.0,0.0,0.0
CAC,TCT,0.67,0.67,H,S,3.0,0.0,0.0
CAC,TGC,0.67,0.67,H,C,2.0,0.0,0.0
CAC,TGG,0.67,-0.18,H,W,3.0,-0.8500000000000001,0.8500000000000001
CAC,TGT,0.67,0.67,H,C,3.0,0.0,0.0
CAC,TTA,0.67,-1.0,H,L,3.0,-1.67,1.67
CAC,TTC,0.67,-0.44,H,F,2.0,-1.11,1.11
CAC,TTG,0.67,-1.0,H,L,3.0,-1.67,1.67
CAC,TTT,0.67,-0.44,H,F,3.0,-1.11,1.11
CAG,CAT,0.4,0.67,Q,H,1.0,0.27,0.27
CAG,CCA,0.4,-0.4,Q,P,2.0,-0.8,0.8
CAG,CCC,0.4,-0.4,Q,P,2.0,-0.8,0.8
CAG,CCG,0.4,-0.4,Q,P,1.0,-0.8,0.8
CAG,CCT,0.4,-0.4,Q,P,2.0,-0.8,0.8
CAG,CGA,0.4,0.33,Q,R,2.0,-0.07,0.07
CAG,CGC,0.4,0.33,Q,R,2.0,-0.07,0.07
CAG,CGG,0.4,0.33,Q,R,1.0,-0.07,0.07
CAG,CGT,0.4,0.33,Q,R,2.0,-0.07,0.07
CAG,CTA,0.4,-1.0,Q,L,2.0,-1.4,1.4
CAG,CTC,0.4,-1.0,Q,L,2.0,-1.4,1.4
CAG,CTG,0.4,-1.0,Q,L,1.0,-1.4,1.4
CAG,CTT,0.4,-1.0,Q,L,2.0,-1.4,1.4
CAG,GAA,0.4,0.4,Q,E,2.0,0.0,0.0
CAG,GAC,0.4,1.0,Q,D,2.0,0.6,0.6
CAG,GAG,0.4,0.4,Q,E,1.0,0.0,0.0
CAG,GAT,0.4,1.0,Q,D,2.0,0.6,0.6
CAG,GCA,0.4,0.0,Q,A,3.0,-0.4,0.4
CAG,GCC,0.4,0.0,Q,A,3.0,-0.4,0.4
CAG,GCG,0.4,0.0,Q,A,2.0,-0.4,0.4
CAG,GCT,0.4,0.0,Q,A,3.0,-0.4,0.4
CAG,GGA,0.4,1.0,Q,G,3.0,0.6,0.6
CAG,GGC,0.4,1.0,Q,G,3.0,0.6,0.6
CAG,GGG,0.4,1.0,Q,G,2.0,0.6,0.6
CAG,GGT,0.4,1.0,Q,G,3.0,0.6,0.6
CAG,GTA,0.4,-0.8,Q,V,3.0,-1.2000000000000002,1.2000000000000002
CAG,GTC,0.4,-0.8,Q,V,3.0,-1.2000000000000002,1.2000000000000002
CAG,GTG,0.4,-0.8,Q,V,2.0,-1.2000000000000002,1.2000000000000002
CAG,GTT,0.4,-0.8,Q,V,3.0,-1.2000000000000002,1.2000000000000002
CAG,TAC,0.4,-0.22,Q,Y,2.0,-0.62,0.62
CAG,TAT,0.4,-0.22,Q,Y,2.0,-0.62,0.62
CAG,TCA,0.4,0.67,Q,S,3.0,0.27,0.27
CAG,TCC,0.4,0.67,Q,S,3.0,0.27,0.27
CAG,TCG,0.4,0.67,Q,S,2.0,0.27,0.27
CAG,TCT,0.4,0.67,Q,S,3.0,0.27,0.27
CAG,TGC,0.4,0.67,Q,C,3.0,0.27,0.27
CAG,TGG,0.4,-0.18,Q,W,2.0,-0.5800000000000001,0.5800000000000001
CAG,TGT,0.4,0.67,Q,C,3.0,0.27,0.27
CAG,TTA,0.4,-1.0,Q,L,3.0,-1.4,1.4
CAG,TTC,0.4,-0.44,Q,F,3.0,-0.8400000000000001,0.8400000000000001
CAG,TTG,0.4,-1.0,Q,L,2.0,-1.4,1.4
CAG,TTT,0.4,-0.44,Q,F,3.0,-0.8400000000000001,0.8400000000000001
CAT,CCA,0.67,-0.4,H,P,2.0,-1.07,1.07
CAT,CCC,0.67,-0.4,H,P,2.0,-1.07,1.07
CAT,CCG,0.67,-0.4,H,P,2.0,-1.07,1.07
CAT,CCT,0.67,-0.4,H,P,1.0,-1.07,1.07
CAT,CGA,0.67,0.33,H,R,2.0,-0.34,0.34
CAT,CGC,0.67,0.33,H,R,2.0,-0.34,0.34
CAT,CGG,0.67,0.33,H,R,2.0,-0.34,0.34
CAT,CGT,0.67,0.33,H,R,1.0,-0.34,0.34
CAT,CTA,0.67,-1.0,H,L,2.0,-1.67,1.67
CAT,CTC,0.67,-1.0,H,L,2.0,-1.67,1.67
CAT,CTG,0.67,-1.0,H,L,2.0,-1.67,1.67
CAT,CTT,0.67,-1.0,H,L,1.0,-1.67,1.67
CAT,GAA,0.67,0.4,H,E,2.0,-0.27,0.27
CAT,GAC,0.67,1.0,H,D,2.0,0.32999999999999996,0.32999999999999996
CAT,GAG,0.67,0.4,H,E,2.0,-0.27,0.27
CAT,GAT,0.67,1.0,H,D,1.0,0.32999999999999996,0.32999999999999996
CAT,GCA,0.67,0.0,H,A,3.0,-0.67,0.67
CAT,GCC,0.67,0.0,H,A,3.0,-0.67,0.67
CAT,GCG,0.67,0.0,H,A,3.0,-0.67,0.67
CAT,GCT,0.67,0.0,H,A,2.0,-0.67,0.67
CAT,GGA,0.67,1.0,H,G,3.0,0.32999999999999996,0.32999999999999996
CAT,GGC,0.67,1.0,H,G,3.0,0.32999999999999996,0.32999999999999996
CAT,GGG,0.67,1.0,H,G,3.0,0.32999999999999996,0.32999999999999996
CAT,GGT,0.67,1.0,H,G,2.0,0.32999999999999996,0.32999999999999996
CAT,GTA,0.67,-0.8,H,V,3.0,-1.4700000000000002,1.4700000000000002
CAT,GTC,0.67,-0.8,H,V,3.0,-1.4700000000000002,1.4700000000000002
CAT,GTG,0.67,-0.8,H,V,3.0,-1.4700000000000002,1.4700000000000002
CAT,GTT,0.67,-0.8,H,V,2.0,-1.4700000000000002,1.4700000000000002
CAT,TAC,0.67,-0.22,H,Y,2.0,-0.89,0.89
CAT,TAT,0.67,-0.22,H,Y,1.0,-0.89,0.89
CAT,TCA,0.67,0.67,H,S,3.0,0.0,0.0
CAT,TCC,0.67,0.67,H,S,3.0,0.0,0.0
CAT,TCG,0.67,0.67,H,S,3.0,0.0,0.0
CAT,TCT,0.67,0.67,H,S,2.0,0.0,0.0
CAT,TGC,0.67,0.67,H,C,3.0,0.0,0.0
CAT,TGG,0.67,-0.18,H,W,3.0,-0.8500000000000001,0.8500000000000001
CAT,TGT,0.67,0.67,H,C,2.0,0.0,0.0
CAT,TTA,0.67,-1.0,H,L,3.0,-1.67,1.67
CAT,TTC,0.67,-0.44,H,F,3.0,-1.11,1.11
CAT,TTG,0.67,-1.0,H,L,3.0,-1.67,1.67
CAT,TTT,0.67,-0.44,H,F,2.0,-1.11,1.11
CCA,CCC,-0.4,-0.4,P,P,1.0,0.0,0.0
CCA,CCG,-0.4,-0.4,P,P,1.0,0.0,0.0
CCA,CCT,-0.4,-0.4,P,P,1.0,0.0,0.0
CCA,CGA,-0.4,0.33,P,R,1.0,0.73,0.73
CCA,CGC,-0.4,0.33,P,R,2.0,0.73,0.73
CCA,CGG,-0.4,0.33,P,R,2.0,0.73,0.73
CCA,CGT,-0.4,0.33,P,R,2.0,0.73,0.73
CCA,CTA,-0.4,-1.0,P,L,1.0,-0.6,0.6
CCA,CTC,-0.4,-1.0,P,L,2.0,-0.6,0.6
CCA,CTG,-0.4,-1.0,P,L,2.0,-0.6,0.6
CCA,CTT,-0.4,-1.0,P,L,2.0,-0.6,0.6
CCA,GAA,-0.4,0.4,P,E,2.0,0.8,0.8
CCA,GAC,-0.4,1.0,P,D,3.0,1.4,1.4
CCA,GAG,-0.4,0.4,P,E,3.0,0.8,0.8
CCA,GAT,-0.4,1.0,P,D,3.0,1.4,1.4
CCA,GCA,-0.4,0.0,P,A,1.0,0.4,0.4
CCA,GCC,-0.4,0.0,P,A,2.0,0.4,0.4
CCA,GCG,-0.4,0.0,P,A,2.0,0.4,0.4
CCA,GCT,-0.4,0.0,P,A,2.0,0.4,0.4
CCA,GGA,-0.4,1.0,P,G,2.0,1.4,1.4
CCA,GGC,-0.4,1.0,P,G,3.0,1.4,1.4
CCA,GGG,-0.4,1.0,P,G,3.0,1.4,1.4
CCA,GGT,-0.4,1.0,P,G,3.0,1.4,1.4
CCA,GTA,-0.4,-0.8,P,V,2.0,-0.4,0.4
CCA,GTC,-0.4,-0.8,P,V,3.0,-0.4,0.4
CCA,GTG,-0.4,-0.8,P,V,3.0,-0.4,0.4
CCA,GTT,-0.4,-0.8,P,V,3.0,-0.4,0.4
CCA,TAC,-0.4,-0.22,P,Y,3.0,0.18000000000000002,0.18000000000000002
CCA,TAT,-0.4,-0.22,P,Y,3.0,0.18000000000000002,0.18000000000000002
CCA,TCA,-0.4,0.67,P,S,1.0,1.07,1.07
CCA,TCC,-0.4,0.67,P,S,2.0,1.07,1.07
CCA,TCG,-0.4,0.67,P,S,2.0,1.07,1.07
CCA,TCT,-0.4,0.67,P,S,2.0,1.07,1.07
CCA,TGC,-0.4,0.67,P,C,3.0,1.07,1.07
CCA,TGG,-0.4,-0.18,P,W,3.0,0.22000000000000003,0.22000000000000003
CCA,TGT,-0.4,0.67,P,C,3.0,1.07,1.07
CCA,TTA,-0.4,-1.0,P,L,2.0,-0.6,0.6
CCA,TTC,-0.4,-0.44,P,F,3.0,-0.03999999999999998,0.03999999999999998
CCA,TTG,-0.4,-1.0,P,L,3.0,-0.6,0.6
CCA,TTT,-0.4,-0.44,P,F,3.0,-0.03999999999999998,0.03999999999999998
CCC,CCG,-0.4,-0.4,P,P,1.0,0.0,0.0
CCC,CCT,-0.4,-0.4,P,P,1.0,0.0,0.0
CCC,CGA,-0.4,0.33,P,R,2.0,0.73,0.73
CCC,CGC,-0.4,0.33,P,R,1.0,0.73,0.73
CCC,CGG,-0.4,0.33,P,R,2.0,0.73,0.73
CCC,CGT,-0.4,0.33,P,R,2.0,0.73,0.73
CCC,CTA,-0.4,-1.0,P,L,2.0,-0.6,0.6
CCC,CTC,-0.4,-1.0,P,L,1.0,-0.6,0.6
CCC,CTG,-0.4,-1.0,P,L,2.0,-0.6,0.6
CCC,CTT,-0.4,-1.0,P,L,2.0,-0.6,0.6
CCC,GAA,-0.4,0.4,P,E,3.0,0.8,0.8
CCC,GAC,-0.4,1.0,P,D,2.0,1.4,1.4
CCC,GAG,-0.4,0.4,P,E,3.0,0.8,0.8
CCC,GAT,-0.4,1.0,P,D,3.0,1.4,1.4
CCC,GCA,-0.4,0.0,P,A,2.0,0.4,0.4
CCC,GCC,-0.4,0.0,P,A,1.0,0.4,0.4
CCC,GCG,-0.4,0.0,P,A,2.0,0.4,0.4
CCC,GCT,-0.4,0.0,P,A,2.0,0.4,0.4
CCC,GGA,-0.4,1.0,P,G,3.0,1.4,1.4
CCC,GGC,-0.4,1.0,P,G,2.0,1.4,1.4
CCC,GGG,-0.4,1.0,P,G,3.0,1.4,1.4
CCC,GGT,-0.4,1.0,P,G,3.0,1.4,1.4
CCC,GTA,-0.4,-0.8,P,V,3.0,-0.4,0.4
CCC,GTC,-0.4,-0.8,P,V,2.0,-0.4,0.4
CCC,GTG,-0.4,-0.8,P,V,3.0,-0.4,0.4
CCC,GTT,-0.4,-0.8,P,V,3.0,-0.4,0.4
CCC,TAC,-0.4,-0.22,P,Y,2.0,0.18000000000000002,0.18000000000000002
CCC,TAT,-0.4,-0.22,P,Y,3.0,0.18000000000000002,0.18000000000000002
CCC,TCA,-0.4,0.67,P,S,2.0,1.07,1.07
CCC,TCC,-0.4,0.67,P,S,1.0,1.07,1.07
CCC,TCG,-0.4,0.67,P,S,2.0,1.07,1.07
CCC,TCT,-0.4,0.67,P,S,2.0,1.07,1.07
CCC,TGC,-0.4,0.67,P,C,2.0,1.07,1.07
CCC,TGG,-0.4,-0.18,P,W,3.0,0.22000000000000003,0.22000000000000003
CCC,TGT,-0.4,0.67,P,C,3.0,1.07,1.07
CCC,TTA,-0.4,-1.0,P,L,3.0,-0.6,0.6
CCC,TTC,-0.4,-0.44,P,F,2.0,-0.03999999999999998,0.03999999999999998
CCC,TTG,-0.4,-1.0,P,L,3.0,-0.6,0.6
CCC,TTT,-0.4,-0.44,P,F,3.0,-0.03999999999999998,0.03999999999999998
CCG,CCT,-0.4,-0.4,P,P,1.0,0.0,0.0
CCG,CGA,-0.4,0.33,P,R,2.0,0.73,0.73
CCG,CGC,-0.4,0.33,P,R,2.0,0.73,0.73
CCG,CGG,-0.4,0.33,P,R,1.0,0.73,0.73
CCG,CGT,-0.4,0.33,P,R,2.0,0.73,0.73
CCG,CTA,-0.4,-1.0,P,L,2.0,-0.6,0.6
CCG,CTC,-0.4,-1.0,P,L,2.0,-0.6,0.6
CCG,CTG,-0.4,-1.0,P,L,1.0,-0.6,0.6
CCG,CTT,-0.4,-1.0,P,L,2.0,-0.6,0.6
CCG,GAA,-0.4,0.4,P,E,3.0,0.8,0.8
CCG,GAC,-0.4,1.0,P,D,3.0,1.4,1.4
CCG,GAG,-0.4,0.4,P,E,2.0,0.8,0.8
CCG,GAT,-0.4,1.0,P,D,3.0,1.4,1.4
CCG,GCA,-0.4,0.0,P,A,2.0,0.4,0.4
CCG,GCC,-0.4,0.0,P,A,2.0,0.4,0.4
CCG,GCG,-0.4,0.0,P,A,1.0,0.4,0.4
CCG,GCT,-0.4,0.0,P,A,2.0,0.4,0.4
CCG,GGA,-0.4,1.0,P,G,3.0,1.4,1.4
CCG,GGC,-0.4,1.0,P,G,3.0,1.4,1.4
CCG,GGG,-0.4,1.0,P,G,2.0,1.4,1.4
CCG,GGT,-0.4,1.0,P,G,3.0,1.4,1.4
CCG,GTA,-0.4,-0.8,P,V,3.0,-0.4,0.4
CCG,GTC,-0.4,-0.8,P,V,3.0,-0.4,0.4
CCG,GTG,-0.4,-0.8,P,V,2.0,-0.4,0.4
CCG,GTT,-0.4,-0.8,P,V,3.0,-0.4,0.4
CCG,TAC,-0.4,-0.22,P,Y,3.0,0.18000000000000002,0.18000000000000002
CCG,TAT,-0.4,-0.22,P,Y,3.0,0.18000000000000002,0.18000000000000002
CCG,TCA,-0.4,0.67,P,S,2.0,1.07,1.07
CCG,TCC,-0.4,0.67,P,S,2.0,1.07,1.07
CCG,TCG,-0.4,0.67,P,S,1.0,1.07,1.07
CCG,TCT,-0.4,0.67,P,S,2.0,1.07,1.07
CCG,TGC,-0.4,0.67,P,C,3.0,1.07,1.07
CCG,TGG,-0.4,-0.18,P,W,2.0,0.22000000000000003,0.22000000000000003
CCG,TGT,-0.4,0.67,P,C,3.0,1.07,1.07
CCG,TTA,-0.4,-1.0,P,L,3.0,-0.6,0.6
CCG,TTC,-0.4,-0.44,P,F,3.0,-0.03999999999999998,0.03999999999999998
CCG,TTG,-0.4,-1.0,P,L,2.0,-0.6,0.6
CCG,TTT,-0.4,-0.44,P,F,3.0,-0.03999999999999998,0.03999999999999998
CCT,CGA,-0.4,0.33,P,R,2.0,0.73,0.73
CCT,CGC,-0.4,0.33,P,R,2.0,0.73,0.73
CCT,CGG,-0.4,0.33,P,R,2.0,0.73,0.73
CCT,CGT,-0.4,0.33,P,R,1.0,0.73,0.73
CCT,CTA,-0.4,-1.0,P,L,2.0,-0.6,0.6
CCT,CTC,-0.4,-1.0,P,L,2.0,-0.6,0.6
CCT,CTG,-0.4,-1.0,P,L,2.0,-0.6,0.6
CCT,CTT,-0.4,-1.0,P,L,1.0,-0.6,0.6
CCT,GAA,-0.4,0.4,P,E,3.0,0.8,0.8
CCT,GAC,-0.4,1.0,P,D,3.0,1.4,1.4
CCT,GAG,-0.4,0.4,P,E,3.0,0.8,0.8
CCT,GAT,-0.4,1.0,P,D,2.0,1.4,1.4
CCT,GCA,-0.4,0.0,P,A,2.0,0.4,0.4
CCT,GCC,-0.4,0.0,P,A,2.0,0.4,0.4
CCT,GCG,-0.4,0.0,P,A,2.0,0.4,0.4
CCT,GCT,-0.4,0.0,P,A,1.0,0.4,0.4
CCT,GGA,-0.4,1.0,P,G,3.0,1.4,1.4
CCT,GGC,-0.4,1.0,P,G,3.0,1.4,1.4
CCT,GGG,-0.4,1.0,P,G,3.0,1.4,1.4
CCT,GGT,-0.4,1.0,P,G,2.0,1.4,1.4
CCT,GTA,-0.4,-0.8,P,V,3.0,-0.4,0.4
CCT,GTC,-0.4,-0.8,P,V,3.0,-0.4,0.4
CCT,GTG,-0.4,-0.8,P,V,3.0,-0.4,0.4
CCT,GTT,-0.4,-0.8,P,V,2.0,-0.4,0.4
CCT,TAC,-0.4,-0.22,P,Y,3.0,0.18000000000000002,0.18000000000000002
CCT,TAT,-0.4,-0.22,P,Y,2.0,0.18000000000000002,0.18000000000000002
CCT,TCA,-0.4,0.67,P,S,2.0,1.07,1.07
CCT,TCC,-0.4,0.67,P,S,2.0,1.07,1.07
CCT,TCG,-0.4,0.67,P,S,2.0,1.07,1.07
CCT,TCT,-0.4,0.67,P,S,1.0,1.07,1.07
CCT,TGC,-0.4,0.67,P,C,3.0,1.07,1.07
CCT,TGG,-0.4,-0.18,P,W,3.0,0.22000000000000003,0.22000000000000003
CCT,TGT,-0.4,0.67,P,C,2.0,1.07,1.07
CCT,TTA,-0.4,-1.0,P,L,3.0,-0.6,0.6
CCT,TTC,-0.4,-0.44,P,F,3.0,-0.03999999999999998,0.03999999999999998
CCT,TTG,-0.4,-1.0,P,L,3.0,-0.6,0.6
CCT,TTT,-0.4,-0.44,P,F,2.0,-0.03999999999999998,0.03999999999999998
CGA,CGC,0.33,0.33,R,R,1.0,0.0,0.0
CGA,CGG,0.33,0.33,R,R,1.0,0.0,0.0
CGA,CGT,0.33,0.33,R,R,1.0,0.0,0.0
CGA,CTA,0.33,-1.0,R,L,1.0,-1.33,1.33
CGA,CTC,0.33,-1.0,R,L,2.0,-1.33,1.33
CGA,CTG,0.33,-1.0,R,L,2.0,-1.33,1.33
CGA,CTT,0.33,-1.0,R,L,2.0,-1.33,1.33
CGA,GAA,0.33,0.4,R,E,2.0,0.07,0.07
CGA,GAC,0.33,1.0,R,D,3.0,0.6699999999999999,0.6699999999999999
CGA,GAG,0.33,0.4,R,E,3.0,0.07,0.07
CGA,GAT,0.33,1.0,R,D,3.0,0.6699999999999999,0.6699999999999999
CGA,GCA,0.33,0.0,R,A,2.0,-0.33,0.33
CGA,GCC,0.33,0.0,R,A,3.0,-0.33,0.33
CGA,GCG,0.33,0.0,R,A,3.0,-0.33,0.33
CGA,GCT,0.33,0.0,R,A,3.0,-0.33,0.33
CGA,GGA,0.33,1.0,R,G,1.0,0.6699999999999999,0.6699999999999999
CGA,GGC,0.33,1.0,R,G,2.0,0.6699999999999999,0.6699999999999999
CGA,GGG,0.33,1.0,R,G,2.0,0.6699999999999999,0.6699999999999999
CGA,GGT,0.33,1.0,R,G,2.0,0.6699999999999999,0.6699999999999999
CGA,GTA,0.33,-0.8,R,V,2.0,-1.1300000000000001,1.1300000000000001
CGA,GTC,0.33,-0.8,R,V,3.0,-1.1300000000000001,1.1300000000000001
CGA,GTG,0.33,-0.8,R,V,3.0,-1.1300000000000001,1.1300000000000001
CGA,GTT,0.33,-0.8,R,V,3.0,-1.1300000000000001,1.1300000000000001
CGA,TAC,0.33,-0.22,R,Y,3.0,-0.55,0.55
CGA,TAT,0.33,-0.22,R,Y,3.0,-0.55,0.55
CGA,TCA,0.33,0.67,R,S,2.0,0.34,0.34
CGA,TCC,0.33,0.67,R,S,3.0,0.34,0.34
CGA,TCG,0.33,0.67,R,S,3.0,0.34,0.34
CGA,TCT,0.33,0.67,R,S,3.0,0.34,0.34
CGA,TGC,0.33,0.67,R,C,2.0,0.34,0.34
CGA,TGG,0.33,-0.18,R,W,2.0,-0.51,0.51
CGA,TGT,0.33,0.67,R,C,2.0,0.34,0.34
CGA,TTA,0.33,-1.0,R,L,2.0,-1.33,1.33
CGA,TTC,0.33,-0.44,R,F,3.0,-0.77,0.77
CGA,TTG,0.33,-1.0,R,L,3.0,-1.33,1.33
CGA,TTT,0.33,-0.44,R,F,3.0,-0.77,0.77
CGC,CGG,0.33,0.33,R,R,1.0,0.0,0.0
CGC,CGT,0.33,0.33,R,R,1.0,0.0,0.0
CGC,CTA,0.33,-1.0,R,L,2.0,-1.33,1.33
CGC,CTC,0.33,-1.0,R,L,1.0,-1.33,1.33
CGC,CTG,0.33,-1.0,R,L,2.0,-1.33,1.33
CGC,CTT,0.33,-1.0,R,L,2.0,-1.33,1.33
CGC,GAA,0.33,0.4,R,E,3.0,0.07,0.07
CGC,GAC,0.33,1.0,R,D,2.0,0.6699999999999999,0.6699999999999999
CGC,GAG,0.33,0.4,R,E,3.0,0.07,0.07
CGC,GAT,0.33,1.0,R,D,3.0,0.6699999999999999,0.6699999999999999
CGC,GCA,0.33,0.0,R,A,3.0,-0.33,0.33
CGC,GCC,0.33,0.0,R,A,2.0,-0.33,0.33
CGC,GCG,0.33,0.0,R,A,3.0,-0.33,0.33
CGC,GCT,0.33,0.0,R,A,3.0,-0.33,0.33
CGC,GGA,0.33,1.0,R,G,2.0,0.6699999999999999,0.6699999999999999
CGC,GGC,0.33,1.0,R,G,1.0,0.6699999999999999,0.6699999999999999
CGC,GGG,0.33,1.0,R,G,2.0,0.6699999999999999,0.6699999999999999
CGC,GGT,0.33,1.0,R,G,2.0,0.6699999999999999,0.6699999999999999
CGC,GTA,0.33,-0.8,R,V,3.0,-1.1300000000000001,1.1300000000000001
CGC,GTC,0.33,-0.8,R,V,2.0,-1.1300000000000001,1.1300000000000001
CGC,GTG,0.33,-0.8,R,V,3.0,-1.1300000000000001,1.1300000000000001
CGC,GTT,0.33,-0.8,R,V,3.0,-1.1300000000000001,1.1300000000000001
CGC,TAC,0.33,-0.22,R,Y,2.0,-0.55,0.55
CGC,TAT,0.33,-0.22,R,Y,3.0,-0.55,0.55
CGC,TCA,0.33,0.67,R,S,3.0,0.34,0.34
CGC,TCC,0.33,0.67,R,S,2.0,0.34,0.34
CGC,TCG,0.33,0.67,R,S,3.0,0.34,0.34
CGC,TCT,0.33,0.67,R,S,3.0,0.34,0.34
CGC,TGC,0.33,0.67,R,C,1.0,0.34,0.34
CGC,TGG,0.33,-0.18,R,W,2.0,-0.51,0.51
CGC,TGT,0.33,0.67,R,C,2.0,0.34,0.34
CGC,TTA,0.33,-1.0,R,L,3.0,-1.33,1.33
CGC,TTC,0.33,-0.44,R,F,2.0,-0.77,0.77
CGC,TTG,0.33,-1.0,R,L,3.0,-1.33,1.33
CGC,TTT,0.33,-0.44,R,F,3.0,-0.77,0.77
CGG,CGT,0.33,0.33,R,R,1.0,0.0,0.0
CGG,CTA,0.33,-1.0,R,L,2.0,-1.33,1.33
CGG,CTC,0.33,-1.0,R,L,2.0,-1.33,1.33
CGG,CTG,0.33,-1.0,R,L,1.0,-1.33,1.33
CGG,CTT,0.33,-1.0,R,L,2.0,-1.33,1.33
CGG,GAA,0.33,0.4,R,E,3.0,0.07,0.07
CGG,GAC,0.33,1.0,R,D,3.0,0.6699999999999999,0.6699999999999999
CGG,GAG,0.33,0.4,R,E,2.0,0.07,0.07
CGG,GAT,0.33,1.0,R,D,3.0,0.6699999999999999,0.6699999999999999
CGG,GCA,0.33,0.0,R,A,3.0,-0.33,0.33
CGG,GCC,0.33,0.0,R,A,3.0,-0.33,0.33
CGG,GCG,0.33,0.0,R,A,2.0,-0.33,0.33
CGG,GCT,0.33,0.0,R,A,3.0,-0.33,0.33
CGG,GGA,0.33,1.0,R,G,2.0,0.6699999999999999,0.6699999999999999
CGG,GGC,0.33,1.0,R,G,2.0,0.6699999999999999,0.6699999999999999
CGG,GGG,0.33,1.0,R,G,1.0,0.6699999999999999,0.6699999999999999
CGG,GGT,0.33,1.0,R,G,2.0,0.6699999999999999,0.6699999999999999
CGG,GTA,0.33,-0.8,R,V,3.0,-1.1300000000000001,1.1300000000000001
CGG,GTC,0.33,-0.8,R,V,3.0,-1.1300000000000001,1.1300000000000001
CGG,GTG,0.33,-0.8,R,V,2.0,-1.1300000000000001,1.1300000000000001
CGG,GTT,0.33,-0.8,R,V,3.0,-1.1300000000000001,1.1300000000000001
CGG,TAC,0.33,-0.22,R,Y,3.0,-0.55,0.55
CGG,TAT,0.33,-0.22,R,Y,3.0,-0.55,0.55
CGG,TCA,0.33,0.67,R,S,3.0,0.34,0.34
CGG,TCC,0.33,0.67,R,S,3.0,0.34,0.34
CGG,TCG,0.33,0.67,R,S,2.0,0.34,0.34
CGG,TCT,0.33,0.67,R,S,3.0,0.34,0.34
CGG,TGC,0.33,0.67,R,C,2.0,0.34,0.34
CGG,TGG,0.33,-0.18,R,W,1.0,-0.51,0.51
CGG,TGT,0.33,0.67,R,C,2.0,0.34,0.34
CGG,TTA,0.33,-1.0,R,L,3.0,-1.33,1.33
CGG,TTC,0.33,-0.44,R,F,3.0,-0.77,0.77
CGG,TTG,0.33,-1.0,R,L,2.0,-1.33,1.33
CGG,TTT,0.33,-0.44,R,F,3.0,-0.77,0.77
CGT,CTA,0.33,-1.0,R,L,2.0,-1.33,1.33
CGT,CTC,0.33,-1.0,R,L,2.0,-1.33,1.33
CGT,CTG,0.33,-1.0,R,L,2.0,-1.33,1.33
CGT,CTT,0.33,-1.0,R,L,1.0,-1.33,1.33
CGT,GAA,0.33,0.4,R,E,3.0,0.07,0.07
CGT,GAC,0.33,1.0,R,D,3.0,0.6699999999999999,0.6699999999999999
CGT,GAG,0.33,0.4,R,E,3.0,0.07,0.07
CGT,GAT,0.33,1.0,R,D,2.0,0.6699999999999999,0.6699999999999999
CGT,GCA,0.33,0.0,R,A,3.0,-0.33,0.33
CGT,GCC,0.33,0.0,R,A,3.0,-0.33,0.33
CGT,GCG,0.33,0.0,R,A,3.0,-0.33,0.33
CGT,GCT,0.33,0.0,R,A,2.0,-0.33,0.33
CGT,GGA,0.33,1.0,R,G,2.0,0.6699999999999999,0.6699999999999999
CGT,GGC,0.33,1.0,R,G,2.0,0.6699999999999999,0.6699999999999999
CGT,GGG,0.33,1.0,R,G,2.0,0.6699999999999999,0.6699999999999999
CGT,GGT,0.33,1.0,R,G,1.0,0.6699999999999999,0.6699999999999999
CGT,GTA,0.33,-0.8,R,V,3.0,-1.1300000000000001,1.1300000000000001
CGT,GTC,0.33,-0.8,R,V,3.0,-1.1300000000000001,1.1300000000000001
CGT,GTG,0.33,-0.8,R,V,3.0,-1.1300000000000001,1.1300000000000001
CGT,GTT,0.33,-0.8,R,V,2.0,-1.1300000000000001,1.1300000000000001
CGT,TAC,0.33,-0.22,R,Y,3.0,-0.55,0.55
CGT,TAT,0.33,-0.22,R,Y,2.0,-0.55,0.55
CGT,TCA,0.33,0.67,R,S,3.0,0.34,0.34
CGT,TCC,0.33,0.67,R,S,3.0,0.34,0.34
CGT,TCG,0.33,0.67,R,S,3.0,0.34,0.34
CGT,TCT,0.33,0.67,R,S,2.0,0.34,0.34
CGT,TGC,0.33,0.67,R,C,2.0,0.34,0.34
CGT,TGG,0.33,-0.18,R,W,2.0,-0.51,0.51
CGT,TGT,0.33,0.67,R,C,1.0,0.34,0.34
CGT,TTA,0.33,-1.0,R,L,3.0,-1.33,1.33
CGT,TTC,0.33,-0.44,R,F,3.0,-0.77,0.77
CGT,TTG,0.33,-1.0,R,L,3.0,-1.33,1.33
CGT,TTT,0.33,-0.44,R,F,2.0,-0.77,0.77
CTA,CTC,-1.0,-1.0,L,L,1.0,0.0,0.0
CTA,CTG,-1.0,-1.0,L,L,1.0,0.0,0.0
CTA,CTT,-1.0,-1.0,L,L,1.0,0.0,0.0
CTA,GAA,-1.0,0.4,L,E,2.0,1.4,1.4
CTA,GAC,-1.0,1.0,L,D,3.0,2.0,2.0
CTA,GAG,-1.0,0.4,L,E,3.0,1.4,1.4
CTA,GAT,-1.0,1.0,L,D,3.0,2.0,2.0
CTA,GCA,-1.0,0.0,L,A,2.0,1.0,1.0
CTA,GCC,-1.0,0.0,L,A,3.0,1.0,1.0
CTA,GCG,-1.0,0.0,L,A,3.0,1.0,1.0
CTA,GCT,-1.0,0.0,L,A,3.0,1.0,1.0
CTA,GGA,-1.0,1.0,L,G,2.0,2.0,2.0
CTA,GGC,-1.0,1.0,L,G,3.0,2.0,2.0
CTA,GGG,-1.0,1.0,L,G,3.0,2.0,2.0
CTA,GGT,-1.0,1.0,L,G,3.0,2.0,2.0
CTA,GTA,-1.0,-0.8,L,V,1.0,0.19999999999999996,0.19999999999999996
CTA,GTC,-1.0,-0.8,L,V,2.0,0.19999999999999996,0.19999999999999996
CTA,GTG,-1.0,-0.8,L,V,2.0,0.19999999999999996,0.19999999999999996
CTA,GTT,-1.0,-0.8,L,V,2.0,0.19999999999999996,0.19999999999999996
CTA,TAC,-1.0,-0.22,L,Y,3.0,0.78,0.78
CTA,TAT,-1.0,-0.22,L,Y,3.0,0.78,0.78
CTA,TCA,-1.0,0.67,L,S,2.0,1.67,1.67
CTA,TCC,-1.0,0.67,L,S,3.0,1.67,1.67
CTA,TCG,-1.0,0.67,L,S,3.0,1.67,1.67
CTA,TCT,-1.0,0.67,L,S,3.0,1.67,1.67
CTA,TGC,-1.0,0.67,L,C,3.0,1.67,1.67
CTA,TGG,-1.0,-0.18,L,W,3.0,0.8200000000000001,0.8200000000000001
CTA,TGT,-1.0,0.67,L,C,3.0,1.67,1.67
CTA,TTA,-1.0,-1.0,L,L,1.0,0.0,0.0
CTA,TTC,-1.0,-0.44,L,F,2.0,0.56,0.56
CTA,TTG,-1.0,-1.0,L,L,2.0,0.0,0.0
CTA,TTT,-1.0,-0.44,L,F,2.0,0.56,0.56
CTC,CTG,-1.0,-1.0,L,L,1.0,0.0,0.0
CTC,CTT,-1.0,-1.0,L,L,1.0,0.0,0.0
CTC,GAA,-1.0,0.4,L,E,3.0,1.4,1.4
CTC,GAC,-1.0,1.0,L,D,2.0,2.0,2.0
CTC,GAG,-1.0,0.4,L,E,3.0,1.4,1.4
CTC,GAT,-1.0,1.0,L,D,3.0,2.0,2.0
CTC,GCA,-1.0,0.0,L,A,3.0,1.0,1.0
CTC,GCC,-1.0,0.0,L,A,2.0,1.0,1.0
CTC,GCG,-1.0,0.0,L,A,3.0,1.0,1.0
CTC,GCT,-1.0,0.0,L,A,3.0,1.0,1.0
CTC,GGA,-1.0,1.0,L,G,3.0,2.0,2.0
CTC,GGC,-1.0,1.0,L,G,2.0,2.0,2.0
CTC,GGG,-1.0,1.0,L,G,3.0,2.0,2.0
CTC,GGT,-1.0,1.0,L,G,3.0,2.0,2.0
CTC,GTA,-1.0,-0.8,L,V,2.0,0.19999999999999996,0.19999999999999996
CTC,GTC,-1.0,-0.8,L,V,1.0,0.19999999999999996,0.19999999999999996
CTC,GTG,-1.0,-0.8,L,V,2.0,0.19999999999999996,0.19999999999999996
CTC,GTT,-1.0,-0.8,L,V,2.0,0.19999999999999996,0.19999999999999996
CTC,TAC,-1.0,-0.22,L,Y,2.0,0.78,0.78
CTC,TAT,-1.0,-0.22,L,Y,3.0,0.78,0.78
CTC,TCA,-1.0,0.67,L,S,3.0,1.67,1.67
CTC,TCC,-1.0,0.67,L,S,2.0,1.67,1.67
CTC,TCG,-1.0,0.67,L,S,3.0,1.67,1.67
CTC,TCT,-1.0,0.67,L,S,3.0,1.67,1.67
CTC,TGC,-1.0,0.67,L,C,2.0,1.67,1.67
CTC,TGG,-1.0,-0.18,L,W,3.0,0.8200000000000001,0.8200000000000001
CTC,TGT,-1.0,0.67,L,C,3.0,1.67,1.67
CTC,TTA,-1.0,-1.0,L,L,2.0,0.0,0.0
CTC,TTC,-1.0,-0.44,L,F,1.0,0.56,0.56
CTC,TTG,-1.0,-1.0,L,L,2.0,0.0,0.0
CTC,TTT,-1.0,-0.44,L,F,2.0,0.56,0.56
CTG,CTT,-1.0,-1.0,L,L,1.0,0.0,0.0
CTG,GAA,-1.0,0.4,L,E,3.0,1.4,1.4
CTG,GAC,-1.0,1.0,L,D,3.0,2.0,2.0
CTG,GAG,-1.0,0.4,L,E,2.0,1.4,1.4
CTG,GAT,-1.0,1.0,L,D,3.0,2.0,2.0
CTG,GCA,-1.0,0.0,L,A,3.0,1.0,1.0
CTG,GCC,-1.0,0.0,L,A,3.0,1.0,1.0
CTG,GCG,-1.0,0.0,L,A,2.0,1.0,1.0
CTG,GCT,-1.0,0.0,L,A,3.0,1.0,1.0
CTG,GGA,-1.0,1.0,L,G,3.0,2.0,2.0
CTG,GGC,-1.0,1.0,L,G,3.0,2.0,2.0
CTG,GGG,-1.0,1.0,L,G,2.0,2.0,2.0
CTG,GGT,-1.0,1.0,L,G,3.0,2.0,2.0
CTG,GTA,-1.0,-0.8,L,V,2.0,0.19999999999999996,0.19999999999999996
CTG,GTC,-1.0,-0.8,L,V,2.0,0.19999999999999996,0.19999999999999996
CTG,GTG,-1.0,-0.8,L,V,1.0,0.19999999999999996,0.19999999999999996
CTG,GTT,-1.0,-0.8,L,V,2.0,0.19999999999999996,0.19999999999999996
CTG,TAC,-1.0,-0.22,L,Y,3.0,0.78,0.78
CTG,TAT,-1.0,-0.22,L,Y,3.0,0.78,0.78
CTG,TCA,-1.0,0.67,L,S,3.0,1.67,1.67
CTG,TCC,-1.0,0.67,L,S,3.0,1.67,1.67
CTG,TCG,-1.0,0.67,L,S,2.0,1.67,1.67
CTG,TCT,-1.0,0.67,L,S,3.0,1.67,1.67
CTG,TGC,-1.0,0.67,L,C,3.0,1.67,1.67
CTG,TGG,-1.0,-0.18,L,W,2.0,0.8200000000000001,0.8200000000000001
CTG,TGT,-1.0,0.67,L,C,3.0,1.67,1.67
CTG,TTA,-1.0,-1.0,L,L,2.0,0.0,0.0
CTG,TTC,-1.0,-0.44,L,F,2.0,0.56,0.56
CTG,TTG,-1.0,-1.0,L,L,1.0,0.0,0.0
CTG,TTT,-1.0,-0.44,L,F,2.0,0.56,0.56
CTT,GAA,-1.0,0.4,L,E,3.0,1.4,1.4
CTT,GAC,-1.0,1.0,L,D,3.0,2.0,2.0
CTT,GAG,-1.0,0.4,L,E,3.0,1.4,1.4
CTT,GAT,-1.0,1.0,L,D,2.0,2.0,2.0
CTT,GCA,-1.0,0.0,L,A,3.0,1.0,1.0
CTT,GCC,-1.0,0.0,L,A,3.0,1.0,1.0
CTT,GCG,-1.0,0.0,L,A,3.0,1.0,1.0
CTT,GCT,-1.0,0.0,L,A,2.0,1.0,1.0
CTT,GGA,-1.0,1.0,L,G,3.0,2.0,2.0
CTT,GGC,-1.0,1.0,L,G,3.0,2.0,2.0
CTT,GGG,-1.0,1.0,L,G,3.0,2.0,2.0
CTT,GGT,-1.0,1.0,L,G,2.0,2.0,2.0
CTT,GTA,-1.0,-0.8,L,V,2.0,0.19999999999999996,0.19999999999999996
CTT,GTC,-1.0,-0.8,L,V,2.0,0.19999999999999996,0.19999999999999996
CTT,GTG,-1.0,-0.8,L,V,2.0,0.19999999999999996,0.19999999999999996
CTT,GTT,-1.0,-0.8,L,V,1.0,0.19999999999999996,0.19999999999999996
CTT,TAC,-1.0,-0.22,L,Y,3.0,0.78,0.78
CTT,TAT,-1.0,-0.22,L,Y,2.0,0.78,0.78
CTT,TCA,-1.0,0.67,L,S,3.0,1.67,1.67
CTT,TCC,-1.0,0.67,L,S,3.0,1.67,1.67
CTT,TCG,-1.0,0.67,L,S,3.0,1.67,1.67
CTT,TCT,-1.0,0.67,L,S,2.0,1.67,1.67
CTT,TGC,-1.0,0.67,L,C,3.0,1.67,1.67
CTT,TGG,-1.0,-0.18,L,W,3.0,0.8200000000000001,0.8200000000000001
CTT,TGT,-1.0,0.67,L,C,2.0,1.67,1.67
CTT,TTA,-1.0,-1.0,L,L,2.0,0.0,0.0
CTT,TTC,-1.0,-0.44,L,F,2.0,0.56,0.56
CTT,TTG,-1.0,-1.0,L,L,2.0,0.0,0.0
CTT,TTT,-1.0,-0.44,L,F,1.0,0.56,0.56
GAA,GAC,0.4,1.0,E,D,1.0,0.6,0.6
GAA,GAG,0.4,0.4,E,E,1.0,0.0,0.0
GAA,GAT,0.4,1.0,E,D,1.0,0.6,0.6
GAA,GCA,0.4,0.0,E,A,1.0,-0.4,0.4
GAA,GCC,0.4,0.0,E,A,2.0,-0.4,0.4
GAA,GCG,0.4,0.0,E,A,2.0,-0.4,0.4
GAA,GCT,0.4,0.0,E,A,2.0,-0.4,0.4
GAA,GGA,0.4,1.0,E,G,1.0,0.6,0.6
GAA,GGC,0.4,1.0,E,G,2.0,0.6,0.6
GAA,GGG,0.4,1.0,E,G,2.0,0.6,0.6
GAA,GGT,0.4,1.0,E,G,2.0,0.6,0.6
GAA,GTA,0.4,-0.8,E,V,1.0,-1.2000000000000002,1.2000000000000002
GAA,GTC,0.4,-0.8,E,V,2.0,-1.2000000000000002,1.2000000000000002
GAA,GTG,0.4,-0.8,E,V,2.0,-1.2000000000000002,1.2000000000000002
GAA,GTT,0.4,-0.8,E,V,2.0,-1.2000000000000002,1.2000000000000002
GAA,TAC,0.4,-0.22,E,Y,2.0,-0.62,0.62
GAA,TAT,0.4,-0.22,E,Y,2.0,-0.62,0.62
GAA,TCA,0.4,0.67,E,S,2.0,0.27,0.27
GAA,TCC,0.4,0.67,E,S,3.0,0.27,0.27
GAA,TCG,0.4,0.67,E,S,3.0,0.27,0.27
GAA,TCT,0.4,0.67,E,S,3.0,0.27,0.27
GAA,TGC,0.4,0.67,E,C,3.0,0.27,0.27
GAA,TGG,0.4,-0.18,E,W,3.0,-0.5800000000000001,0.5800000000000001
GAA,TGT,0.4,0.67,E,C,3.0,0.27,0.27
GAA,TTA,0.4,-1.0,E,L,2.0,-1.4,1.4
GAA,TTC,0.4,-0.44,E,F,3.0,-0.8400000000000001,0.8400000000000001
GAA,TTG,0.4,-1.0,E,L,3.0,-1.4,1.4
GAA,TTT,0.4,-0.44,E,F,3.0,-0.8400000000000001,0.8400000000000001
GAC,GAG,1.0,0.4,D,E,1.0,-0.6,0.6
GAC,GAT,1.0,1.0,D,D,1.0,0.0,0.0
GAC,GCA,1.0,0.0,D,A,2.0,-1.0,1.0
GAC,GCC,1.0,0.0,D,A,1.0,-1.0,1.0
GAC,GCG,1.0,0.0,D,A,2.0,-1.0,1.0
GAC,GCT,1.0,0.0,D,A,2.0,-1.0,1.0
GAC,GGA,1.0,1.0,D,G,2.0,0.0,0.0
GAC,GGC,1.0,1.0,D,G,1.0,0.0,0.0
GAC,GGG,1.0,1.0,D,G,2.0,0.0,0.0
GAC,GGT,1.0,1.0,D,G,2.0,0.0,0.0
GAC,GTA,1.0,-0.8,D,V,2.0,-1.8,1.8
GAC,GTC,1.0,-0.8,D,V,1.0,-1.8,1.8
GAC,GTG,1.0,-0.8,D,V,2.0,-1.8,1.8
GAC,GTT,1.0,-0.8,D,V,2.0,-1.8,1.8
GAC,TAC,1.0,-0.22,D,Y,1.0,-1.22,1.22
GAC,TAT,1.0,-0.22,D,Y,2.0,-1.22,1.22
GAC,TCA,1.0,0.67,D,S,3.0,-0.32999999999999996,0.32999999999999996
GAC,TCC,1.0,0.67,D,S,2.0,-0.32999999999999996,0.32999999999999996
GAC,TCG,1.0,0.67,D,S,3.0,-0.32999999999999996,0.32999999999999996
GAC,TCT,1.0,0.67,D,S,3.0,-0.32999999999999996,0.32999999999999996
GAC,TGC,1.0,0.67,D,C,2.0,-0.32999999999999996,0.32999999999999996
GAC,TGG,1.0,-0.18,D,W,3.0,-1.18,1.18
GAC,TGT,1.0,0.67,D,C,3.0,-0.32999999999999996,0.32999999999999996
GAC,TTA,1.0,-1.0,D,L,3.0,-2.0,2.0
GAC,TTC,1.0,-0.44,D,F,2.0,-1.44,1.44
GAC,TTG,1.0,-1.0,D,L,3.0,-2.0,2.0
GAC,TTT,1.0,-0.44,D,F,3.0,-1.44,1.44
GAG,GAT,0.4,1.0,E,D,1.0,0.6,0.6
GAG,GCA,0.4,0.0,E,A,2.0,-0.4,0.4
GAG,GCC,0.4,0.0,E,A,2.0,-0.4,0.4
GAG,GCG,0.4,0.0,E,A,1.0,-0.4,0.4
GAG,GCT,0.4,0.0,E,A,2.0,-0.4,0.4
GAG,GGA,0.4,1.0,E,G,2.0,0.6,0.6
GAG,GGC,0.4,1.0,E,G,2.0,0.6,0.6
GAG,GGG,0.4,1.0,E,G,1.0,0.6,0.6
GAG,GGT,0.4,1.0,E,G,2.0,0.6,0.6
GAG,GTA,0.4,-0.8,E,V,2.0,-1.2000000000000002,1.2000000000000002
GAG,GTC,0.4,-0.8,E,V,2.0,-1.2000000000000002,1.2000000000000002
GAG,GTG,0.4,-0.8,E,V,1.0,-1.2000000000000002,1.2000000000000002
GAG,GTT,0.4,-0.8,E,V,2.0,-1.2000000000000002,1.2000000000000002
GAG,TAC,0.4,-0.22,E,Y,2.0,-0.62,0.62
GAG,TAT,0.4,-0.22,E,Y,2.0,-0.62,0.62
GAG,TCA,0.4,0.67,E,S,3.0,0.27,0.27
GAG,TCC,0.4,0.67,E,S,3.0,0.27,0.27
GAG,TCG,0.4,0.67,E,S,2.0,0.27,0.27
GAG,TCT,0.4,0.67,E,S,3.0,0.27,0.27
GAG,TGC,0.4,0.67,E,C,3.0,0.27,0.27
GAG,TGG,0.4,-0.18,E,W,2.0,-0.5800000000000001,0.5800000000000001
GAG,TGT,0.4,0.67,E,C,3.0,0.27,0.27
GAG,TTA,0.4,-1.0,E,L,3.0,-1.4,1.4
GAG,TTC,0.4,-0.44,E,F,3.0,-0.8400000000000001,0.8400000000000001
GAG,TTG,0.4,-1.0,E,L,2.0,-1.4,1.4
GAG,TTT,0.4,-0.44,E,F,3.0,-0.8400000000000001,0.8400000000000001
GAT,GCA,1.0,0.0,D,A,2.0,-1.0,1.0
GAT,GCC,1.0,0.0,D,A,2.0,-1.0,1.0
GAT,GCG,1.0,0.0,D,A,2.0,-1.0,1.0
GAT,GCT,1.0,0.0,D,A,1.0,-1.0,1.0
GAT,GGA,1.0,1.0,D,G,2.0,0.0,0.0
GAT,GGC,1.0,1.0,D,G,2.0,0.0,0.0
GAT,GGG,1.0,1.0,D,G,2.0,0.0,0.0
GAT,GGT,1.0,1.0,D,G,1.0,0.0,0.0
GAT,GTA,1.0,-0.8,D,V,2.0,-1.8,1.8
GAT,GTC,1.0,-0.8,D,V,2.0,-1.8,1.8
GAT,GTG,1.0,-0.8,D,V,2.0,-1.8,1.8
GAT,GTT,1.0,-0.8,D,V,1.0,-1.8,1.8
GAT,TAC,1.0,-0.22,D,Y,2.0,-1.22,1.22
GAT,TAT,1.0,-0.22,D,Y,1.0,-1.22,1.22
GAT,TCA,1.0,0.67,D,S,3.0,-0.32999999999999996,0.32999999999999996
GAT,TCC,1.0,0.67,D,S,3.0,-0.32999999999999996,0.32999999999999996
GAT,TCG,1.0,0.67,D,S,3.0,-0.32999999999999996,0.32999999999999996
GAT,TCT,1.0,0.67,D,S,2.0,-0.32999999999999996,0.32999999999999996
GAT,TGC,1.0,0.67,D,C,3.0,-0.32999999999999996,0.32999999999999996
GAT,TGG,1.0,-0.18,D,W,3.0,-1.18,1.18
GAT,TGT,1.0,0.67,D,C,2.0,-0.32999999999999996,0.32999999999999996
GAT,TTA,1.0,-1.0,D,L,3.0,-2.0,2.0
GAT,TTC,1.0,-0.44,D,F,3.0,-1.44,1.44
GAT,TTG,1.0,-1.0,D,L,3.0,-2.0,2.0
GAT,TTT,1.0,-0.44,D,F,2.0,-1.44,1.44
GCA,GCC,0.0,0.0,A,A,1.0,0.0,0.0
GCA,GCG,0.0,0.0,A,A,1.0,0.0,0.0
GCA,GCT,0.0,0.0,A,A,1.0,0.0,0.0
GCA,GGA,0.0,1.0,A,G,1.0,1.0,1.0
GCA,GGC,0.0,1.0,A,G,2.0,1.0,1.0
GCA,GGG,0.0,1.0,A,G,2.0,1.0,1.0
GCA,GGT,0.0,1.0,A,G,2.0,1.0,1.0
GCA,GTA,0.0,-0.8,A,V,1.0,-0.8,0.8
GCA,GTC,0.0,-0.8,A,V,2.0,-0.8,0.8
GCA,GTG,0.0,-0.8,A,V,2.0,-0.8,0.8
GCA,GTT,0.0,-0.8,A,V,2.0,-0.8,0.8
GCA,TAC,0.0,-0.22,A,Y,3.0,-0.22,0.22
GCA,TAT,0.0,-0.22,A,Y,3.0,-0.22,0.22
GCA,TCA,0.0,0.67,A,S,1.0,0.67,0.67
GCA,TCC,0.0,0.67,A,S,2.0,0.67,0.67
GCA,TCG,0.0,0.67,A,S,2.0,0.67,0.67
GCA,TCT,0.0,0.67,A,S,2.0,0.67,0.67
GCA,TGC,0.0,0.67,A,C,3.0,0.67,0.67
GCA,TGG,0.0,-0.18,A,W,3.0,-0.18,0.18
GCA,TGT,0.0,0.67,A,C,3.0,0.67,0.67
GCA,TTA,0.0,-1.0,A,L,2.0,-1.0,1.0
GCA,TTC,0.0,-0.44,A,F,3.0,-0.44,0.44
GCA,TTG,0.0,-1.0,A,L,3.0,-1.0,1.0
GCA,TTT,0.0,-0.44,A,F,3.0,-0.44,0.44
GCC,GCG,0.0,0.0,A,A,1.0,0.0,0.0
GCC,GCT,0.0,0.0,A,A,1.0,0.0,0.0
GCC,GGA,0.0,1.0,A,G,2.0,1.0,1.0
GCC,GGC,0.0,1.0,A,G,1.0,1.0,1.0
GCC,GGG,0.0,1.0,A,G,2.0,1.0,1.0
GCC,GGT,0.0,1.0,A,G,2.0,1.0,1.0
GCC,GTA,0.0,-0.8,A,V,2.0,-0.8,0.8
GCC,GTC,0.0,-0.8,A,V,1.0,-0.8,0.8
GCC,GTG,0.0,-0.8,A,V,2.0,-0.8,0.8
GCC,GTT,0.0,-0.8,A,V,2.0,-0.8,0.8
GCC,TAC,0.0,-0.22,A,Y,2.0,-0.22,0.22
GCC,TAT,0.0,-0.22,A,Y,3.0,-0.22,0.22
GCC,TCA,0.0,0.67,A,S,2.0,0.67,0.67
GCC,TCC,0.0,0.67,A,S,1.0,0.67,0.67
GCC,TCG,0.0,0.67,A,S,2.0,0.67,0.67
GCC,TCT,0.0,0.67,A,S,2.0,0.67,0.67
GCC,TGC,0.0,0.67,A,C,2.0,0.67,0.67
GCC,TGG,0.0,-0.18,A,W,3.0,-0.18,0.18
GCC,TGT,0.0,0.67,A,C,3.0,0.67,0.67
GCC,TTA,0.0,-1.0,A,L,3.0,-1.0,1.0
GCC,TTC,0.0,-0.44,A,F,2.0,-0.44,0.44
GCC,TTG,0.0,-1.0,A,L,3.0,-1.0,1.0
GCC,TTT,0.0,-0.44,A,F,3.0,-0.44,0.44
GCG,GCT,0.0,0.0,A,A,1.0,0.0,0.0
GCG,GGA,0.0,1.0,A,G,2.0,1.0,1.0
GCG,GGC,0.0,1.0,A,G,2.0,1.0,1.0
GCG,GGG,0.0,1.0,A,G,1.0,1.0,1.0
GCG,GGT,0.0,1.0,A,G,2.0,1.0,1.0
GCG,GTA,0.0,-0.8,A,V,2.0,-0.8,0.8
GCG,GTC,0.0,-0.8,A,V,2.0,-0.8,0.8
GCG,GTG,0.0,-0.8,A,V,1.0,-0.8,0.8
GCG,GTT,0.0,-0.8,A,V,2.0,-0.8,0.8
GCG,TAC,0.0,-0.22,A,Y,3.0,-0.22,0.22
GCG,TAT,0.0,-0.22,A,Y,3.0,-0.22,0.22
GCG,TCA,0.0,0.67,A,S,2.0,0.67,0.67
GCG,TCC,0.0,0.67,A,S,2.0,0.67,0.67
GCG,TCG,0.0,0.67,A,S,1.0,0.67,0.67
GCG,TCT,0.0,0.67,A,S,2.0,0.67,0.67
GCG,TGC,0.0,0.67,A,C,3.0,0.67,0.67
GCG,TGG,0.0,-0.18,A,W,2.0,-0.18,0.18
GCG,TGT,0.0,0.67,A,C,3.0,0.67,0.67
GCG,TTA,0.0,-1.0,A,L,3.0,-1.0,1.0
GCG,TTC,0.0,-0.44,A,F,3.0,-0.44,0.44
GCG,TTG,0.0,-1.0,A,L,2.0,-1.0,1.0
GCG,TTT,0.0,-0.44,A,F,3.0,-0.44,0.44
GCT,GGA,0.0,1.0,A,G,2.0,1.0,1.0
GCT,GGC,0.0,1.0,A,G,2.0,1.0,1.0
GCT,GGG,0.0,1.0,A,G,2.0,1.0,1.0
GCT,GGT,0.0,1.0,A,G,1.0,1.0,1.0
GCT,GTA,0.0,-0.8,A,V,2.0,-0.8,0.8
GCT,GTC,0.0,-0.8,A,V,2.0,-0.8,0.8
GCT,GTG,0.0,-0.8,A,V,2.0,-0.8,0.8
GCT,GTT,0.0,-0.8,A,V,1.0,-0.8,0.8
GCT,TAC,0.0,-0.22,A,Y,3.0,-0.22,0.22
GCT,TAT,0.0,-0.22,A,Y,2.0,-0.22,0.22
GCT,TCA,0.0,0.67,A,S,2.0,0.67,0.67
GCT,TCC,0.0,0.67,A,S,2.0,0.67,0.67
GCT,TCG,0.0,0.67,A,S,2.0,0.67,0.67
GCT,TCT,0.0,0.67,A,S,1.0,0.67,0.67
GCT,TGC,0.0,0.67,A,C,3.0,0.67,0.67
GCT,TGG,0.0,-0.18,A,W,3.0,-0.18,0.18
GCT,TGT,0.0,0.67,A,C,2.0,0.67,0.67
GCT,TTA,0.0,-1.0,A,L,3.0,-1.0,1.0
GCT,TTC,0.0,-0.44,A,F,3.0,-0.44,0.44
GCT,TTG,0.0,-1.0,A,L,3.0,-1.0,1.0
GCT,TTT,0.0,-0.44,A,F,2.0,-0.44,0.44
GGA,GGC,1.0,1.0,G,G,1.0,0.0,0.0
GGA,GGG,1.0,1.0,G,G,1.0,0.0,0.0
GGA,GGT,1.0,1.0,G,G,1.0,0.0,0.0
GGA,GTA,1.0,-0.8,G,V,1.0,-1.8,1.8
GGA,GTC,1.0,-0.8,G,V,2.0,-1.8,1.8
GGA,GTG,1.0,-0.8,G,V,2.0,-1.8,1.8
GGA,GTT,1.0,-0.8,G,V,2.0,-1.8,1.8
GGA,TAC,1.0,-0.22,G,Y,3.0,-1.22,1.22
GGA,TAT,1.0,-0.22,G,Y,3.0,-1.22,1.22
GGA,TCA,1.0,0.67,G,S,2.0,-0.32999999999999996,0.32999999999999996
GGA,TCC,1.0,0.67,G,S,3.0,-0.32999999999999996,0.32999999999999996
GGA,TCG,1.0,0.67,G,S,3.0,-0.32999999999999996,0.32999999999999996
GGA,TCT,1.0,0.67,G,S,3.0,-0.32999999999999996,0.32999999999999996
GGA,TGC,1.0,0.67,G,C,2.0,-0.32999999999999996,0.32999999999999996
GGA,TGG,1.0,-0.18,G,W,2.0,-1.18,1.18
GGA,TGT,1.0,0.67,G,C,2.0,-0.32999999999999996,0.32999999999999996
GGA,TTA,1.0,-1.0,G,L,2.0,-2.0,2.0
GGA,TTC,1.0,-0.44,G,F,3.0,-1.44,1.44
GGA,TTG,1.0,-1.0,G,L,3.0,-2.0,2.0
GGA,TTT,1.0,-0.44,G,F,3.0,-1.44,1.44
GGC,GGG,1.0,1.0,G,G,1.0,0.0,0.0
GGC,GGT,1.0,1.0,G,G,1.0,0.0,0.0
GGC,GTA,1.0,-0.8,G,V,2.0,-1.8,1.8
GGC,GTC,1.0,-0.8,G,V,1.0,-1.8,1.8
GGC,GTG,1.0,-0.8,G,V,2.0,-1.8,1.8
GGC,GTT,1.0,-0.8,G,V,2.0,-1.8,1.8
GGC,TAC,1.0,-0.22,G,Y,2.0,-1.22,1.22
GGC,TAT,1.0,-0.22,G,Y,3.0,-1.22,1.22
GGC,TCA,1.0,0.67,G,S,3.0,-0.32999999999999996,0.32999999999999996
GGC,TCC,1.0,0.67,G,S,2.0,-0.32999999999999996,0.32999999999999996
GGC,TCG,1.0,0.67,G,S,3.0,-0.32999999999999996,0.32999999999999996
GGC,TCT,1.0,0.67,G,S,3.0,-0.32999999999999996,0.32999999999999996
GGC,TGC,1.0,0.67,G,C,1.0,-0.32999999999999996,0.32999999999999996
GGC,TGG,1.0,-0.18,G,W,2.0,-1.18,1.18
GGC,TGT,1.0,0.67,G,C,2.0,-0.32999999999999996,0.32999999999999996
GGC,TTA,1.0,-1.0,G,L,3.0,-2.0,2.0
GGC,TTC,1.0,-0.44,G,F,2.0,-1.44,1.44
GGC,TTG,1.0,-1.0,G,L,3.0,-2.0,2.0
GGC,TTT,1.0,-0.44,G,F,3.0,-1.44,1.44
GGG,GGT,1.0,1.0,G,G,1.0,0.0,0.0
GGG,GTA,1.0,-0.8,G,V,2.0,-1.8,1.8
GGG,GTC,1.0,-0.8,G,V,2.0,-1.8,1.8
GGG,GTG,1.0,-0.8,G,V,1.0,-1.8,1.8
GGG,GTT,1.0,-0.8,G,V,2.0,-1.8,1.8
GGG,TAC,1.0,-0.22,G,Y,3.0,-1.22,1.22
GGG,TAT,1.0,-0.22,G,Y,3.0,-1.22,1.22
GGG,TCA,1.0,0.67,G,S,3.0,-0.32999999999999996,0.32999999999999996
GGG,TCC,1.0,0.67,G,S,3.0,-0.32999999999999996,0.32999999999999996
GGG,TCG,1.0,0.67,G,S,2.0,-0.32999999999999996,0.32999999999999996
GGG,TCT,1.0,0.67,G,S,3.0,-0.32999999999999996,0.32999999999999996
GGG,TGC,1.0,0.67,G,C,2.0,-0.32999999999999996,0.32999999999999996
GGG,TGG,1.0,-0.18,G,W,1.0,-1.18,1.18
GGG,TGT,1.0,0.67,G,C,2.0,-0.32999999999999996,0.32999999999999996
GGG,TTA,1.0,-1.0,G,L,3.0,-2.0,2.0
GGG,TTC,1.0,-0.44,G,F,3.0,-1.44,1.44
GGG,TTG,1.0,-1.0,G,L,2.0,-2.0,2.0
GGG,TTT,1.0,-0.44,G,F,3.0,-1.44,1.44
GGT,GTA,1.0,-0.8,G,V,2.0,-1.8,1.8
GGT,GTC,1.0,-0.8,G,V,2.0,-1.8,1.8
GGT,GTG,1.0,-0.8,G,V,2.0,-1.8,1.8
GGT,GTT,1.0,-0.8,G,V,1.0,-1.8,1.8
GGT,TAC,1.0,-0.22,G,Y,3.0,-1.22,1.22
GGT,TAT,1.0,-0.22,G,Y,2.0,-1.22,1.22
GGT,TCA,1.0,0.67,G,S,3.0,-0.32999999999999996,0.32999999999999996
GGT,TCC,1.0,0.67,G,S,3.0,-0.32999999999999996,0.32999999999999996
GGT,TCG,1.0,0.67,G,S,3.0,-0.32999999999999996,0.32999999999999996
GGT,TCT,1.0,0.67,G,S,2.0,-0.32999999999999996,0.32999999999999996
GGT,TGC,1.0,0.67,G,C,2.0,-0.32999999999999996,0.32999999999999996
GGT,TGG,1.0,-0.18,G,W,2.0,-1.18,1.18
GGT,TGT,1.0,0.67,G,C,1.0,-0.32999999999999996,0.32999999999999996
GGT,TTA,1.0,-1.0,G,L,3.0,-2.0,2.0
GGT,TTC,1.0,-0.44,G,F,3.0,-1.44,1.44
GGT,TTG,1.0,-1.0,G,L,3.0,-2.0,2.0
GGT,TTT,1.0,-0.44,G,F,2.0,-1.44,1.44
GTA,GTC,-0.8,-0.8,V,V,1.0,0.0,0.0
GTA,GTG,-0.8,-0.8,V,V,1.0,0.0,0.0
GTA,GTT,-0.8,-0.8,V,V,1.0,0.0,0.0
GTA,TAC,-0.8,-0.22,V,Y,3.0,0.5800000000000001,0.5800000000000001
GTA,TAT,-0.8,-0.22,V,Y,3.0,0.5800000000000001,0.5800000000000001
GTA,TCA,-0.8,0.67,V,S,2.0,1.4700000000000002,1.4700000000000002
GTA,TCC,-0.8,0.67,V,S,3.0,1.4700000000000002,1.4700000000000002
GTA,TCG,-0.8,0.67,V,S,3.0,1.4700000000000002,1.4700000000000002
GTA,TCT,-0.8,0.67,V,S,3.0,1.4700000000000002,1.4700000000000002
GTA,TGC,-0.8,0.67,V,C,3.0,1.4700000000000002,1.4700000000000002
GTA,TGG,-0.8,-0.18,V,W,3.0,0.6200000000000001,0.6200000000000001
GTA,TGT,-0.8,0.67,V,C,3.0,1.4700000000000002,1.4700000000000002
GTA,TTA,-0.8,-1.0,V,L,1.0,-0.19999999999999996,0.19999999999999996
GTA,TTC,-0.8,-0.44,V,F,2.0,0.36000000000000004,0.36000000000000004
GTA,TTG,-0.8,-1.0,V,L,2.0,-0.19999999999999996,0.19999999999999996
GTA,TTT,-0.8,-0.44,V,F,2.0,0.36000000000000004,0.36000000000000004
GTC,GTG,-0.8,-0.8,V,V,1.0,0.0,0.0
GTC,GTT,-0.8,-0.8,V,V,1.0,0.0,0.0
GTC,TAC,-0.8,-0.22,V,Y,2.0,0.5800000000000001,0.5800000000000001
GTC,TAT,-0.8,-0.22,V,Y,3.0,0.5800000000000001,0.5800000000000001
GTC,TCA,-0.8,0.67,V,S,3.0,1.4700000000000002,1.4700000000000002
GTC,TCC,-0.8,0.67,V,S,2.0,1.4700000000000002,1.4700000000000002
GTC,TCG,-0.8,0.67,V,S,3.0,1.4700000000000002,1.4700000000000002
GTC,TCT,-0.8,0.67,V,S,3.0,1.4700000000000002,1.4700000000000002
GTC,TGC,-0.8,0.67,V,C,2.0,1.4700000000000002,1.4700000000000002
GTC,TGG,-0.8,-0.18,V,W,3.0,0.6200000000000001,0.6200000000000001
GTC,TGT,-0.8,0.67,V,C,3.0,1.4700000000000002,1.4700000000000002
GTC,TTA,-0.8,-1.0,V,L,2.0,-0.19999999999999996,0.19999999999999996
GTC,TTC,-0.8,-0.44,V,F,1.0,0.36000000000000004,0.36000000000000004
GTC,TTG,-0.8,-1.0,V,L,2.0,-0.19999999999999996,0.19999999999999996
GTC,TTT,-0.8,-0.44,V,F,2.0,0.36000000000000004,0.36000000000000004
GTG,GTT,-0.8,-0.8,V,V,1.0,0.0,0.0
GTG,TAC,-0.8,-0.22,V,Y,3.0,0.5800000000000001,0.5800000000000001
GTG,TAT,-0.8,-0.22,V,Y,3.0,0.5800000000000001,0.5800000000000001
GTG,TCA,-0.8,0.67,V,S,3.0,1.4700000000000002,1.4700000000000002
GTG,TCC,-0.8,0.67,V,S,3.0,1.4700000000000002,1.4700000000000002
GTG,TCG,-0.8,0.67,V,S,2.0,1.4700000000000002,1.4700000000000002
GTG,TCT,-0.8,0.67,V,S,3.0,1.4700000000000002,1.4700000000000002
GTG,TGC,-0.8,0.67,V,C,3.0,1.4700000000000002,1.4700000000000002
GTG,TGG,-0.8,-0.18,V,W,2.0,0.6200000000000001,0.6200000000000001
GTG,TGT,-0.8,0.67,V,C,3.0,1.4700000000000002,1.4700000000000002
GTG,TTA,-0.8,-1.0,V,L,2.0,-0.19999999999999996,0.19999999999999996
GTG,TTC,-0.8,-0.44,V,F,2.0,0.36000000000000004,0.36000000000000004
GTG,TTG,-0.8,-1.0,V,L,1.0,-0.19999999999999996,0.19999999999999996
GTG,TTT,-0.8,-0.44,V,F,2.0,0.36000000000000004,0.36000000000000004
GTT,TAC,-0.8,-0.22,V,Y,3.0,0.5800000000000001,0.5800000000000001
GTT,TAT,-0.8,-0.22,V,Y,2.0,0.5800000000000001,0.5800000000000001
GTT,TCA,-0.8,0.67,V,S,3.0,1.4700000000000002,1.4700000000000002
GTT,TCC,-0.8,0.67,V,S,3.0,1.4700000000000002,1.4700000000000002
GTT,TCG,-0.8,0.67,V,S,3.0,1.4700000000000002,1.4700000000000002
GTT,TCT,-0.8,0.67,V,S,2.0,1.4700000000000002,1.4700000000000002
GTT,TGC,-0.8,0.67,V,C,3.0,1.4700000000000002,1.4700000000000002
GTT,TGG,-0.8,-0.18,V,W,3.0,0.6200000000000001,0.6200000000000001
GTT,TGT,-0.8,0.67,V,C,2.0,1.4700000000000002,1.4700000000000002
GTT,TTA,-0.8,-1.0,V,L,2.0,-0.19999999999999996,0.19999999999999996
GTT,TTC,-0.8,-0.44,V,F,2.0,0.36000000000000004,0.36000000000000004
GTT,TTG,-0.8,-1.0,V,L,2.0,-0.19999999999999996,0.19999999999999996
GTT,TTT,-0.8,-0.44,V,F,1.0,0.36000000000000004,0.36000000000000004
TAC,TAT,-0.22,-0.22,Y,Y,1.0,0.0,0.0
TAC,TCA,-0.22,0.67,Y,S,2.0,0.89,0.89
TAC,TCC,-0.22,0.67,Y,S,1.0,0.89,0.89
TAC,TCG,-0.22,0.67,Y,S,2.0,0.89,0.89
TAC,TCT,-0.22,0.67,Y,S,2.0,0.89,0.89
TAC,TGC,-0.22,0.67,Y,C,1.0,0.89,0.89
TAC,TGG,-0.22,-0.18,Y,W,2.0,0.04000000000000001,0.04000000000000001
TAC,TGT,-0.22,0.67,Y,C,2.0,0.89,0.89
TAC,TTA,-0.22,-1.0,Y,L,2.0,-0.78,0.78
TAC,TTC,-0.22,-0.44,Y,F,1.0,-0.22,0.22
TAC,TTG,-0.22,-1.0,Y,L,2.0,-0.78,0.78
TAC,TTT,-0.22,-0.44,Y,F,2.0,-0.22,0.22
TAT,TCA,-0.22,0.67,Y,S,2.0,0.89,0.89
TAT,TCC,-0.22,0.67,Y,S,2.0,0.89,0.89
TAT,TCG,-0.22,0.67,Y,S,2.0,0.89,0.89
TAT,TCT,-0.22,0.67,Y,S,1.0,0.89,0.89
TAT,TGC,-0.22,0.67,Y,C,2.0,0.89,0.89
TAT,TGG,-0.22,-0.18,Y,W,2.0,0.04000000000000001,0.04000000000000001
TAT,TGT,-0.22,0.67,Y,C,1.0,0.89,0.89
TAT,TTA,-0.22,-1.0,Y,L,2.0,-0.78,0.78
TAT,TTC,-0.22,-0.44,Y,F,2.0,-0.22,0.22
TAT,TTG,-0.22,-1.0,Y,L,2.0,-0.78,0.78
TAT,TTT,-0.22,-0.44,Y,F,1.0,-0.22,0.22
TCA,TCC,0.67,0.67,S,S,1.0,0.0,0.0
TCA,TCG,0.67,0.67,S,S,1.0,0.0,0.0
TCA,TCT,0.67,0.67,S,S,1.0,0.0,0.0
TCA,TGC,0.67,0.67,S,C,2.0,0.0,0.0
TCA,TGG,0.67,-0.18,S,W,2.0,-0.8500000000000001,0.8500000000000001
TCA,TGT,0.67,0.67,S,C,2.0,0.0,0.0
TCA,TTA,0.67,-1.0,S,L,1.0,-1.67,1.67
TCA,TTC,0.67,-0.44,S,F,2.0,-1.11,1.11
TCA,TTG,0.67,-1.0,S,L,2.0,-1.67,1.67
TCA,TTT,0.67,-0.44,S,F,2.0,-1.11,1.11
TCC,TCG,0.67,0.67,S,S,1.0,0.0,0.0
TCC,TCT,0.67,0.67,S,S,1.0,0.0,0.0
TCC,TGC,0.67,0.67,S,C,1.0,0.0,0.0
TCC,TGG,0.67,-0.18,S,W,2.0,-0.8500000000000001,0.8500000000000001
TCC,TGT,0.67,0.67,S,C,2.0,0.0,0.0
TCC,TTA,0.67,-1.0,S,L,2.0,-1.67,1.67
TCC,TTC,0.67,-0.44,S,F,1.0,-1.11,1.11
TCC,TTG,0.67,-1.0,S,L,2.0,-1.67,1.67
TCC,TTT,0.67,-0.44,S,F,2.0,-1.11,1.11
TCG,TCT,0.67,0.67,S,S,1.0,0.0,0.0
TCG,TGC,0.67,0.67,S,C,2.0,0.0,0.0
TCG,TGG,0.67,-0.18,S,W,1.0,-0.8500000000000001,0.8500000000000001
TCG,TGT,0.67,0.67,S,C,2.0,0.0,0.0
TCG,TTA,0.67,-1.0,S,L,2.0,-1.67,1.67
TCG,TTC,0.67,-0.44,S,F,2.0,-1.11,1.11
TCG,TTG,0.67,-1.0,S,L,1.0,-1.67,1.67
TCG,TTT,0.67,-0.44,S,F,2.0,-1.11,1.11
TCT,TGC,0.67,0.67,S,C,2.0,0.0,0.0
TCT,TGG,0.67,-0.18,S,W,2.0,-0.8500000000000001,0.8500000000000001
TCT,TGT,0.67,0.67,S,C,1.0,0.0,0.0
TCT,TTA,0.67,-1.0,S,L,2.0,-1.67,1.67
TCT,TTC,0.67,-0.44,S,F,2.0,-1.11,1.11
TCT,TTG,0.67,-1.0,S,L,2.0,-1.67,1.67
TCT,TTT,0.67,-0.44,S,F,1.0,-1.11,1.11
TGC,TGG,0.67,-0.18,C,W,1.0,-0.8500000000000001,0.8500000000000001
TGC,TGT,0.67,0.67,C,C,1.0,0.0,0.0
TGC,TTA,0.67,-1.0,C,L,2.0,-1.67,1.67
TGC,TTC,0.67,-0.44,C,F,1.0,-1.11,1.11
TGC,TTG,0.67,-1.0,C,L,2.0,-1.67,1.67
TGC,TTT,0.67,-0.44,C,F,2.0,-1.11,1.11
TGG,TGT,-0.18,0.67,W,C,1.0,0.8500000000000001,0.8500000000000001
TGG,TTA,-0.18,-1.0,W,L,2.0,-0.8200000000000001,0.8200000000000001
TGG,TTC,-0.18,-0.44,W,F,2.0,-0.26,0.26
TGG,TTG,-0.18,-1.0,W,L,1.0,-0.8200000000000001,0.8200000000000001
TGG,TTT,-0.18,-0.44,W,F,2.0,-0.26,0.26
TGT,TTA,0.67,-1.0,C,L,2.0,-1.67,1.67
TGT,TTC,0.67,-0.44,C,F,2.0,-1.11,1.11
TGT,TTG,0.67,-1.0,C,L,2.0,-1.67,1.67
TGT,TTT,0.67,-0.44,C,F,1.0,-1.11,1.11
TTA,TTC,-1.0,-0.44,L,F,1.0,0.56,0.56
TTA,TTG,-1.0,-1.0,L,L,1.0,0.0,0.0
TTA,TTT,-1.0,-0.44,L,F,1.0,0.56,0.56
TTC,TTG,-0.44,-1.0,F,L,1.0,-0.56,0.56
TTC,TTT,-0.44,-0.44,F,F,1.0,0.0,0.0
TTG,TTT,-1.0,-0.44,L,F,1.0,0.56,0.56
